ModelType,Name
0,Player
1,Black Chocobo
2,Gilded Magitek Armor
3,Amaljaa
4,Ixal (Base)
5,Kobold (Base)
6,Goblin (Base)
7,Sylph
8,Moogle
9,Sahagin (Base)
10,Mamool Ja Warrior
11,Hecatonchier
12,Giant
13,Gigas
14,Qiqirn
15,Delivery Moogle
16,Lamia
17,Skeleton
18,Succubus
19,Demon
20,Miteling
21,Diremite
22,Banemite
23,Graffias
24,Rat
25,Squirrel
26,Marmot
27,Dormouse
28,Funguar
29,Myconid
30,Funguar (Blue)
31,Galago
32,Lemur
33,Galago (collared)
34,Ochu
35,Microchu
36,Chigoe
37,Djigga
38,Flea
39,Buzzard
40,Condor
41,Bateleur
42,Kite
43,Falcon
44,Hog
45,Boar
46,Hog (lighter)
47,Kamapuaa
48,Roseling
49,Flytrap
50,Slug
51,Sea Hare
52,Dark Matter Slug
53,Gnat
54,Ked
55,Magitek Bit
56,Weevil
57,Ladybug
58,Midge Swarm
59,Syrphid Swarm
60,Bee Swarm
61,Antelope Doe
62,Antelope Stag
63,Imp
64,Devilet
65,Coeurl
66,Torama
67,Panther
68,Dark Matter Coeurl
69,Coeurl Pup
70,Coeurl
71,Mindflayer
72,Psycheflayer
73,Mindflayer (The Hunt)
74,Piscodemon
75,Sand Yarzon
76,Bog Yarzon
78,Firefly
79,Wisp
80,Plasmoid
81,Mudestone Golem
82,Chert Golem
83,Temple Guardian
84,Mudestone Golem (spike)
85,Chert Golem (spike)
86,Temple Guardian (spike)
87,Dark Matter Golem
88,Spriggolem
89,Tonberry
90,Tonberry (darker)
91,Tonberry King
92,Tonberry Scholar
93,Tonberry Black Mage
94,Tortoise
95,Adamantoise
96,Raptor
97,Anole
98,Bat
99,Kalong
100,Bomb
101,Grenade
102,Shrapnel
103,Bomb (flaming)
104,Treant
105,Treant (Greenwrath)
106,Dryad
107,Spriggan (Yellow-eyed/Lightning Rock)
108,Spriggan (Yellow-eyed/Earth Rock)
109,Spriggan (Yellow-eyed/Mythril Ore)
110,Spriggan (Yellow-eyed/Copper Ore)
111,Spriggan (Red-eyed/Lightning Rock)
112,Spriggan (Red-eyed/Earth Rock)
113,Spriggan (Red-eyed/Mythril Ore)
114,Spriggan (Red-eyed/Copper Ore)
115,Spriggan (Yellow-eyed/Pristine Egg)
116,Spriggan (Yellow-eyed/Chocobo Egg)
117,Spriggan (Yellow-eyed/Midnight Egg)
118,Spriggan (Yellow-eyed/Brilliant Egg)
119,Spriggan (Yellow-eyed/Vibrant Egg)
120,Spriggan (Yellow-eyed/Motley Egg)
121,Dullahan (clean)
122,Dullahan (shiny)
123,Dullahan (rusty)
124,Face of the Hero
125,Dullahan (clean)
126,Gigantoad
127,Nix
128,Poison Nix
129,Gigantoad (green)
130,Puk
131,Pteroc
132,Puk (yellow)
133,Hippocerf
134,Hippogryph
135,Basilisk
136,Peiste
137,Wadjet
138,Buffalo
139,Aurochs
140,Wisent
141,Cactuar
142,Sabotender
143,Flowertender
144,Cactuar (yellow)
145,Morbol
146,Great Morbol
147,Misers Mistress
148,Clipper
149,Snipper
150,Nahn
151,Salamander
152,Eft
153,Eft (orange)
154,Blueback
155,Sableback
156,Violetback
157,Yellowback
158,Dark Matter Pelican
159,Wolf
160,Jackal
161,White Wolf
162,Tao Quan
163,Watchwolf
164,Scurvy Dog
165,Behemoth
166,Kaiser Behemoth
167,Floating Eye
168,Ahriman
169,Arimaspi
170,Ahriman (red)
171,Dirty Eye
172,Ahriman
173,Dodo
174,Cockatrice
175,Cockatrice (Blue)
176,Coblyn
177,Doblyn
178,Crystal Coblyn
179,Drake
180,Biast
181,Battle Drake
182,Elbst
183,Aldgoat Billy
184,Aldgoat Nanny
185,Mosshorn
186,Magitek Juggernaut
187,Ogre
188,Hapalit
189,Hrimthurs
190,Apkallu
192,Antling Soldier
193,Antling Princess
194,Antling Worker
195,Antling Marshal
196,Antling Queen
197,Chimera
198,Goobbue
199,Highland Goobbue
200,Goobbue
201,Marshmallow (White-eyed)
202,Gelato (White-eyed)
203,Flan (White-eyed)
204,Custard (White-eyed)
205,Pudding (White-eyed)
206,Bavarois (White-eyed)
207,Marshmallow (Black-eyed)
208,Gelato (Black-eyed)
209,Flan (Black-eyed)
210,Custard (Black-eyed)
211,Pudding (Black-eyed)
212,Bavarois (Black-eyed)
213,Magitek Vanguard
214,Magitek Vanguard H
215,Magitek Vanguard F
216,Lesser Gargoyle
217,Greater Gargoyle
218,Batraal
219,Cyclops
220,Elder Cyclops
221,Mammet (Red Helmet)
222,Mammet (Blue Helmet)
223,Mammet (Black Helmet)
224,Wyvern
225,Aery Wyvern
226,Twintania
227,Atomos
228,Shadow Dragon
229,Thunder Dragon
230,Moss Dragon
231,Ice Dragon
232,Zombie Dragon
233,Deathgaze
234,Blue Cobra
235,Red Cobra
236,Coeurlregina
237,Rock Gaol
238,Sandworm
239,Brineworm
240,Giant Tunnel Worm
241,Abyss Worm
242,Gigaworm
243,Siren
244,Five-Headed Dragon
245,Hydra
246,Three-Headed (blue)
247,Three-Headed (yellow)
248,Fenrir
249,Granite Gaol
250,Phlegethon
251,Amon
252,Cait Sith
253,Magitek Colossus
254,Rubricatus
255,Mark II Magitek Colossus
256,Demon Wall
257,Demon Wall (copy)
258,Demon Wall (copy)
259,Demon Wall (copy)
260,Demon Wall (copy)
261,Typhon
262,Typhon [Investigate]
263,Magic Pot
264,Bogy
265,Revenant
266,Phurble
267,Snurble
268,Angler
269,Remora
270,Orobon
271,Fire Elemental
272,Lightning Elemental
273,Water Elemental
274,Elemental (brown)
275,Elemental (red)
276,Ice Elemental
277,Wind Elemental
278,Earth Elemental
279,Aurelia
280,Sea Wasp
281,Dark Matter Aurelia
282,Mole
283,Hedgemole
284,Ram (bell)
285,Ram
286,Ewe (bell)
287,Ewe
288,Karakul Ram (bell)
289,Karakul Ram
290,Karakul Ewe (bell)
291,Karakul Ewe
292,Slime
293,Slime (yellow)
294,Slime (purple)
295,Rheum
296,Dark Matter Slime
297,Mandragora
298,Infernal Nail
299,Field Generator A
300,Field Generator B
301,Monolith
302,Garudas Plume
303,Garuda
304,Ifrit
305,Leviathan
306,Titan
307,Ultima Weapon
308,Ultima Weapon (no wings)
309,Ultima Weapon (copy)
310,Ultima Weapon (no wings/copy)
311,Sleipnir
312,Shiva (weapons)
313,Vishap
315,Shadowlurker 
316,ADS (Black/Red)
317,ADS (Black/White)
318,ADS (Black/Purple)
319,ADS (Black/Blue)
320,ADS (Black/Teal)
321,ADS (Black/Green)
322,ADS (Black/Yellow)
323,ADS (Black/Orange)
324,Proto Ultima Arm Unit
325,BUGGED - DO NOT CLICK
326,Exdeath
327,Omega
328,Morbol Seedling
329,Kraken
331,Magitek Death Claw
332,Allagan Death Claw
333,Diabolos
335,Bahamut
336,Bahamut (Blue)
337,Phoenix
338,Nidhogg (Hraesvelgrs left eye)
339,Hraesvelgr
340,Beta Zaghnal
341,Armored Beast
342,Armored Beast (Red)
344,Temple Mummy
345,Ramuh
346,Diabolos (Scathach)
347,Glasya Labolas
348,Scylla
349,Xande
350,Cerberus
351,Angra Mainyu
352,Cloud of Darkness
353,Gilgamesh (six weapons)
354,Ultros
355,Stoneshell
356,Pugil
357,Dark Matter Pugil
358,Bulb
359,Hornet
360,Colibri
361,Clockwork Dreadnaught
362,Dragonfly
363,Vodoriga
364,Uragnite
365,Taurus
366,Adjudicator
367,Qarn Face
368,Qarn Face (copy)
369,Qarn Face (copy)
370,Qarn Face (copy)
371,Shield Dragon
372,Baritine Croc
373,Feral Croc
374,Killer Mantis
375,Dark Matter Mantis
376,Preying Mantis
377,Aevis
378,Mirrorknight
379,Dreadknight
380,Rook
381,Fire Sprite
382,Ice Sprite
383,Wind Sprite
384,Lightning Sprite
385,Water Sprite
386,Earth Sprite
387,Scrambled Engineer
388,Scrambled Paladin
389,Orb (Lightning / White Center)
390,Orb (Blue / Guildhest Water Bubble?)
391,Orb (Purple / Guildhest Water Bubble?)
392,Bubble (ground)
393,Maelstrom Cannon
394,Adder Cannon [Investigate]
395,Flame Cannon
396,Gremlin
397,Gremlin (red)
398,Gremlin (green)
399,Gremlin (yellow)
400,Aspect of Chaos
401,Anubys
402,Fallen Neurolink
403,Flying Ice Dragon
404,Missile Carrier Claw (Castrum)
405,Missile Launcher (Castrum)
406,FFXI Shantotto
407,Eos
408,Selene
409,Emerald Carbuncle
410,Ruby Carbuncle
411,Sapphire Carbuncle
412,Topaz Carbuncle
413,Diamond Carbuncle
414,Obsidian Carbuncle
415,Ifrit-Egi
416,Titan-Egi
417,Garuda-Egi
418,Ramuh-Egi
419,Mammet 001
420,Mammet 003L
421,Mammet 003G
422,Mammet 003U
423,Wayward Hatchling
424,Storm Hatchling
425,Serpent Hatchling
426,Flame Hatchling
427,Cherry Bomb
428,Baby Behemoth
429,Morbol Seedling
430,Cait Sith Doll
431,Tiny Rat
432,Baby Bun
433,Chigoe Larva
434,Bluebird
435,Wide-eyed Fawn
436,Infant Imp
437,Coeurl Kitten
438,Black Coeurl
440,Gravel Golem
441,Wind-Up Tonberry
442,Tiny Tortoise
443,Baby Raptor
444,Baby Bat
445,Tiny Bulb
446,Dust Bunny
447,Wind-Up Dullahan
448,Gigantpole
449,Pudgy Puk
450,Buffalo Calf
451,Cactuar Cutting
452,Smallshell
453,Wolf Pup
454,Beady Eye
455,Fledgling Dodo
456,Coblyn Larva
457,Wind-Up Aldgoat
458,Fledgling Apkallu
459,Goobbue Sproutling
460,Bite-sized Pudding
461,Model Vanguard
462,Demon Brick
463,Mini Mole
464,Tender Lamb
465,Slime Puddle
466,Kidragora
467,Wind-Up Goblin
468,Wind-Up Sylph
469,Wind-Up Cursor
470,Wind-Up Airship
471,Wind-Up Qiqirn
472,Wind-Up Dalamud
474,Chocobo Carriage
477,Gaius van Baelsar - X Slash
478,Tornado
485,Fleshy Pod
486,Fleshy Pod (Upright)
487,Seed Pod
488,Brown Crate
489,Sandbag
490,Barrel with 3 wine bottles
491,Giant birds nest
492,Box crate
493,Brown chest
494,Brown Drawer
495,Brown shipping crate with rope on it
496,Metal Pot
497,Jar with tied fabric lid
498,Campfire
908,4-tonze Weight
907,A Tornado
781,Abaia
987,Adamantoise (Mount)
732,Adamantoise Dragon
829,ADS (Cuboid - Black - Red)
830,ADS (Ovoid - Black - Red)
791,Aetherochemical Explosion Marker (Syrcus)
782,Aevis B (White)
713,Aithon
773,Allagan Mamool Ja Warrior
733,Allagan Naga
985,Alpha Groundskeeper
615,Amaljaa Beacon
531,Amaljaa Standard w/ Torch
956,Anchag
555,Ancient Wyvern (- Neurolinks)
944,Archaeornis
942,Archaeosaur
793,Archbishop Thordan VII
567,Archdemon
568,Archdemon (II) (Copy)
569,Archdemon (III) (Copy)
653,Arioch
807,Assassin Fry
996,Astraea
970,Atomos Avatar
1001,Atomos Prime
894,Atrophied Atomos
734,Avere Bravearm
778,Azer
686,Baby Opo-opo
913,Bandersnatch
524,Barrel of Cannonballs
921,Bat (b) (Copy)
507,Batraal (b) (Copy)
718,Battle Bear
826,Battle Biast
588,Behemoth (Mount)
862,Belahdian Knight
537,Belias-Egi
853,Bennu (Large)
852,Bennu (Medium)
851,Bennu (Small)
518,Bertha Cannon
975,Bismarck
840,Bitoso
505,Black Chocobo Chick
539,Black Circle
943,Bladed Vinegaroon
559,Blue Cobra (Glowing)
923,Bogy (b) (Copy)
678,Bomb Incubator (Red)
644,Bomb Palanquin
795,Boogeyman
532,Book Glow (Green) (?)
818,Boreas
528,Box with Maps
950,Brobinyak
677,Brown crate
737,Bubble (Hullbreaker)
831,Byblos
558,Caduceus
845,Captain Madison (Monster)
563,Catoblepas
565,Catoblepas C (Yellow w/ Magenta)
592,Cavalry Drake
689,Cavalry Elbst
566,Celphie
571,Ceremony Chocobo
997,Ceruleum Tank
998,Ceruleum Tank
966,Chocobo (II)
990,Chocobo Chick Courier
896,Clockwork Barrow
775,Clockwork Bit
508,Clockwork Bug
633,Clockwork Repurposer
981,Cloud of Darkness (- Clouds)
604,Cornu
608,Corrupted Flan
610,Corrupted Slime
612,Corrupted Sprite
530,Crate
696,Crate
839,Crawler
661,Dalamud Spawn
601,Dalvags Final Flame
909,Damaged Adjudicator
654,Damselfly
656,Dark Matter Bulb
657,Dark Matter Hornet
509,Dark Matter Pteroc
695,Dark Matter Roselet
698,Dark Matter Slug (Honey)
846,Daughter of Imdugud
640,Decaying Gourmand
841,Deepeye
702,Default Model
703,Default Model
704,Default Model
705,Default Model
706,Default Model
707,Default Model
708,Default Model
709,Default Model
710,Default Model
711,Default Model
712,Default Model
805,Demon Box
986,Demon Tome
730,Diresaur
675,Direwolf
659,Down Wyvern
972,Dragonfire Fly
523,Dreadknight Bind
605,Dullahan (NNYNB) (Purple)
771,Dullahan (NNYYB) (Red)
770,Dullahan (YYYYB) (Blue)
576,Earthen Brickman (Dragon Quest)
743,Eggplant Knight
758,Eggplant Knight
716,Einbarr
974,Einhander
916,Empuse
794,Endymion
888,Enkidu
652,Enkidu (Chicken)
763,Enkidu (Primal)
925,Everliving Bibliotaph
945,Falak
632,Fancy circular relic
503,Fancy pillar
631,Fancy pillar
802,Fat Cat
643,Fat Chocobo
912,Feridad
519,FFXIII Odin
815,Field Generator B (Allagan)
660,Fire Dragon
983,Fire Dragonet
821,Fireworks Launcher
607,Floating Eye (+ Void Effect)
922,Floating Eye (b)
556,Floor Circle (Conflagration)
557,Floor Circle (Conflagration)
516,Floor Circle (Ice)
515,Floor Circle (Twintanias Conflagration)
517,Floor Circle (Twintanias Liquid Hell)
736,Floor Circle (Water / Hullbreaker)
849,Floor Fire (Phoenix)
664,Flying Fire Dragon
663,Flying Moss Dragon
662,Flying Thunder Dragon
665,Flying Zombie Dragon
838,Frumious Koheel Ja (on Wivre)
827,Gaelicat
988,Gaelikitten
744,Garlic Jester
759,Garlic Prince
968,Garm
553,Garudas Plume (No Effect)
999,Generator (Keeper of the Lake)
548,Generic Person
549,Generic Person
621,Generic Person
701,Generic Person
636,Gilgamesh (Bradamante)
692,Gilgamesh (Unarmed)
540,Glowing Circle
832,Gnath
670,Goblin Bomb
671,Goblin Bomb (Skull)
672,Goblin Bomb (Spiked)
641,Gobmachine G-VI
590,Golden Brickman (Dragon Quest)
720,Golden Lion Mount [Incorrect]
776,Gomory
731,Gorynich
618,Granite Gaoler
639,Green Toad (Battle on the Big Bridge)
955,Griffin
992,Griffin (Mount)
897,Griffin Hatchling
817,Gullfaxi
538,Gungnir
941,Gungnir
954,Harmachis
727,Harpeia
800,Heavy Hatchling
690,Hecteyes
803,Hoary the Snowman
790,Hunters Moon Disc (Syrcus)
825,Ice Commander
779,Ice Gaol
764,Icicle
547,Igeyorhm
833,Imdugud
920,Imp (b)
591,Imp (On Fire)
691,Imp C (Green)
766,Interceptor Drone (PVP)
780,Interceptor Node (PVP)
898,Iron Dwarf
609,Iron Giant
637,Jandelaine
822,Kaliya
959,Kaliya (II) (Copy)
824,Karlabos
650,Key
958,Kirin
725,Krakens Arm
726,Krakens Tentacle
774,Kum Kum
547,Lahabrea
738,Large Red Frog
536,Large Void Gate
593,Laurel Goobbue
600,Leech King
723,Leg Trap
895,Lesser Panda
642,Leviathans Tail
520,Lightning (FFXIII Character)
801,Littlefoot
687,Magic Broom
979,Magitek Gobwidow
930,Magitek Gunship
673,Magitek Vangob
769,Main Meteor Target
936,Mamool Ja Sacred Standard
937,Mamool Ja Sacred Standard
929,Manacutter (White)
746,Mandragora Queen
761,Mandragora Queen
963,Manipulator
603,Manticore
837,Manxome Molaa Ja
715,Markab
927,Megalotragus
914,Miacid
883,Midgardsormr
917,Midgardsormr (Head)
926,Midgardsormr (Mount)
648,Mimic
753,Miniature Minecart
624,Minion of Light (Black Mage)
587,Minion of Light (Warrior)
623,Minion of Light (White Mage)
578,Minute Mindflayer
995,Mirage Dragon (Ice)
994,Mirage Dragon (Thunder)
887,Model Enterprise
820,Moonfire Elbst (2014)
533,Moonfire Faire Bomb Cauldron
798,Mummys Little Mummy
957,Mylodon
521,Mythril Verge
547,Nabriales
647,Nael deus Darnus
752,Nana Bear
564,Nandi
740,Nanka
724,Narbrooi
808,Naughty Nanka
594,Nightmare
729,Ninki Nanka
728,Ninki Nanka (w/ Nankas)
953,Nunyenunc
755,Nutkin
741,Ogrebon
570,Okeanis A (Blue/Orange)
772,Okeanis B (Green/Blue)
572,Okeanis C (Red/Purple)
573,Okeanis D (Yellow)
919,Okeanis E (Blue/Red)
984,Oliphaunt
742,Onion Prince
757,Onion Prince
834,Opken
962,Oppressor
784,Orb (Blue / Syrcus Ice)
960,Orb (Blue)
788,Orb (Dark Blue)
649,Orb (Diabolos Nightmare)
513,Orb (Green / Bright Lightning)
614,Orb (Green / Lighting w/ Purple Outline)
931,Orb (Green)
848,Orb (Phoenixs Blackfire)
850,Orb (Phoenixs Redfire)
786,Orb (Purple / Aether Lines)
785,Orb (Purple / Syrcus Lightning)
787,Orb (Purple / Tam-Tara HM?)
789,Orb (Purple)
928,Orb (Purple/Blue)
511,Orb (Red / Lightning)
783,Orb (Red / Syrcus Fire)
910,Orb (Sandy / Qarn HM?)
512,Orb (Twintanias Hatch)
514,Orb (Watery / Music Symbol)
676,Orb (Yellow / Bubble)
893,Owlet
900,Page 63
918,Page 64/128/256
905,Paissa
965,Parade Chocobo
717,Persona
613,Pharos Aether Cloud
574,Phecda 
854,Phoenix (Glowing)
586,Plush Cushion
870,Polar Bear
814,Postmoogle
991,Primogs
634,Princely Hatchling
980,Proto-Ultima
541,Purple (Book Glow?)
674,Pyracmon
969,Queen Scylla
655,Rafflesia
562,Rat (2)
976,Ravana (Four Small Swords)
551,Razor Plume (Garuda)
560,Red Cobra (Glowing)
842,Reptoid
629,Rock (Gray)
666,Rock (White)
667,Rock (White) (II)
668,Rock (White) (III)
873,Sabotender Empiratriz
874,Sabotender Guardia
875,Sabotender Guardia (+ Shield)
967,Sacrificed Allagan Mamool Ja Warrior
971,Sacrificed Soldier
722,Sallet Crab
602,Sandman
735,Sasquatch
861,Sastasha Pugil
552,Satin Plume (Garuda)
768,Scyllas Staff
964,SDS Fenrir
828,Sentient Inkhorn
877,Sentient Tome
739,Shield Dragonling
911,Shiva (No Weapons)
904,Skatene
866,Sleipnir (Mount)
525,Small Device
819,Small Meteor Target
810,Small Red Frog
535,Small Void Gate
864,Snoll
529,Snow-Covered Box
867,Snowball?
617,Snowman
847,Son of Imdugud
947,Spear
630,Spear stuck in ground
697,Spiked Balls
611,Spiny Plume (Garuda)
550,Spotlight
598,Spotted Zu Egg
865,Spriggan (Blue-eyed: Ice Rock)
628,Starlight Treant
978,Steam Doll (Faust)
863,Steinbock Doe
589,Stone Brickman (Dragon Quest)
616,Sylph Shroom
915,Syricta
542,T-Pose Default Model
543,T-Pose Default Model
544,T-Pose Default Model
545,T-Pose Default Model
546,T-Pose Default Model
949,Tarantula Hawk
868,Temple Mummy (Lalafell)
869,Temple Mummy (Roegadyn)
658,The Avatar
855,The Blood of Meracydia
857,The Gust of Meracydia
856,The Pain of Meracydia (Neurolinked)
858,The Shadow of Meracydia
859,The Sin of Meracydia (Neurolinked)
575,Tiger
579,Tight-beaked Parrot
754,Tiny Tapir
977,Tioman
554,Titan
745,Tomato King
760,Tomato King
506,Tonberry Scholar (+ Darkness Effect)
747,Treasure Box
973,Triad Table
777,Tursus
906,Typhons FUNGAH!
899,Ugly Duckling
934,Ulros (Three Lumps)
932,Ultros (One Lump)
933,Ultros (Two Lumps)
890,Unicolt
534,Unicorn
792,Varis zos Galvus
638,Vassago
832,Vath
876,Vicegerent to the Warden
860,Vicegerents Head
844,Vicegerents Left Hand
843,Vicegerents Right Hand
872,Vine
871,Vine (Purple)
924,Vodoriga (b)
935,Vodoriga (Slumbering)
622,Void Portal
620,Voidsent Energy Scythe
619,Voidsent Energy Spear
952,Vouivre
993,Waitress
694,Wamoura (II) (Copy)
646,Wamoura/Silkmoth
645,Wamouracampa
693,Wamouracampa (II) (Copy)
719,Warbear
721,Warlion
812,Warsteed (Adders)
813,Warsteed (Flames)
811,Warsteed (Maelstrom)
886,Water Imp
836,Water Imp (Dragons Neck)
946,Waukkeon
679,Whelk Ballista
835,White Gaol
982,White Knight
599,White Zu Egg
635,Wind
681,Wind Cylinder
885,Wind-Up Alisaie
884,Wind-Up Alphinaud
580,Wind-Up Amaljaa
685,Wind-Up Bahamut
577,Wind-Up Brickman
891,Wind-Up Cid
809,Wind-Up Delivery Moogle
903,Wind-Up Dezul Qualan
584,Wind-Up Edvya
902,Wind-Up Founder
882,Wind-Up Gentleman
756,Wind-Up Gilgamesh
889,Wind-Up Gundu Warrior
581,Wind-Up Ixal
989,Wind-Up Kain
699,Wind-Up Kobld
582,Wind-Up Kobolder
627,Wind-Up Leader (Kan-E-Senna)
626,Wind-Up Leader (Merlwyb)
625,Wind-Up Leader (Raubahn)
881,Wind-Up Louisoix
797,Wind-Up Minfilia
688,Wind-Up Moogle
751,Wind-Up Nanamo
683,Wind-Up Odin
749,Wind-Up Onion Knight
816,Wind-Up Panda
879,Wind-Up Papalymo
700,Wind-Up Sahagin
583,Wind-Up Sea Devil
527,Wind-Up Shantotto
748,Wind-Up Succubus
585,Wind-Up Sun
892,Wind-Up Tataru
796,Wind-Up Thancred
799,Wind-Up Ultros
880,Wind-Up Urianger
901,Wind-Up Violet
684,Wind-Up Warrior of Light
750,Wind-Up Yshtola
878,Wind-Up Yda
948,Wivre
714,Xanthos
951,Yak
767,Yeti
597,Zombie Crawl Animation
606,Zombie War Hound
595,Zu Cockerel
682,Zu Hatchling
596,Zu Pullet
1001,Dragon Head (Gilgamesh)
1002,Snare (Steps of Faith)
1003,Exploding Barrels (Steps of Faith)
1004,Xandes Clone
1005,Two-Headed Dragon
1006,Dark Sprite
1007,Orb (White / Five-headed Dragon?)
1008,Orb (Blue Static)
1009,Cloud of Darkness Dark Storm
1010,Orb (Binding Chains)
1011,Gobwalker
1012,Vinegaroon
1013,Piston Lubricant
1014,Gear Lubricant
1015,Orb (Lightning)
1016,Model Magitek Bit
1017,Puff of Darkness
1018,Mandragora (b) (Gardening Copy)
1019,Midgardsormr (Head)
1020,Midgardsormr (Head)
1021,ADS (Enormous Egg) (Hartching-tide 2015)
1022,Spriggan (Yellow-eyed w/ Red Egg)
1023,Spriggan (Yellow-eyed w/ Yellow Egg)
1024,Generic Person - Carrying Crate
1025,Cloud of Darkness - Dark Cloud
1026,Fenrir (Mount)
1027,Rook Autoturret
1028,Bishop Autoturret
1029,Logistics System
1030,Magitek Gunship B (Blue)
1031,Generic Person
1032,Hecteyes (II) (Slightly Lighter Copy)
1033,Lily of the Saint
1034,Corpse Flower
1035,Icetrap
1036,Melia
1037,Frostbitten War Hound
1038,Gastornis
1039,Zoblyn
1040,Hropken
1041,Minotaur
1042,Elder Wyvern
1043,Endymion B (Rainbow)
1044,Meracydian Vouivre
1045,Sankchinni
1046,Korrigan
1047,Ascian Prime
1048,Nidhogg (Hraesvelgrs Left Eye / Fresh Scars)
1049,Nidhogg (No Eyes / Fresh Left Scar)
1050,Hraesvelgr (One Eye)
1051,Tiamat
1052,Tulihand
1053,Bifericeras
1054,Vanu Totem
1055,Ratel
1056,Sun Leech
1057,Clay Claw
1058,Sanuwa
1060,Living Liquid (Vessel)
1061,Living Liquid (Anthromorph)
1062,Living Liquid (Chiromorph Right)
1063,Living Liquid (Chiromorph Left)
1064,Dhalmel
1065,Pegasus (Mount)
1066,Matoya
1067,King Thordan
1068,Topaz Carbuncle
1070,Cloth Scraps?
1071,Dragonkiller Cannon
1072,Raskovnik
1073,Gallimimus
1074,Bit C (Red)
1075,Poroggo
1076,Biohazard
1078,Rheum of the Mountain
1079,Blood of the Mountain
1080,Black Knight
1081,Clockwork Spider B (Violet Glow)
1082,Gobtank
1083,Eruca
1084,Oppressor 0.5
1085,Ravana (Glowing Red: Two Large Swords)
1086,Ravana (Shadowed)
1087,Ravana (Two Large Swords)
1088,Beta Groundskeeper
1089,Enforcement Droid 210
1090,Regula van Hydrus
1092,Cultured Shabti
1093,Shabti
1094,Biblioklept
1095,Phantom Ray
1096,Moon Gana
1097,Spirit Gana
1098,Steam Bit
1099,Iksalion
1100,The Curator
1101,Vanu Vanu
1102,Generic Person
1103,Generic Person
1104,Generic Person
1105,Chandrahas
1106,Amphiptere
1107,Azys Lla ADS (Spheroid - Silver - Red)
1108,Azys Lla ADS (Spheroid - Silver - White)
1109,Azys Lla ADS (Spheroid - Silver - Violet)
1110,Azys Lla ADS (Spheroid - Silver - Lavender)
1111,Azys Lla ADS (Spheroid - Silver - Aqua)
1112,Azys Lla ADS (Spheroid - Silver - Green)
1113,Azys Lla ADS (Spheroid - Silver - Yellow)
1114,Azys Lla ADS (Spheroid - Silver - Orange)
1115,Azys Lla ADS (Spheroid - White - Red)
1116,Azys Lla ADS (Spheroid - White - White)
1117,Azys Lla ADS (Spheroid - White - Violet)
1118,Azys Lla ADS (Spheroid - White - Lavender)
1119,Azys Lla ADS (Spheroid - White - Aqua)
1120,Azys Lla ADS (Spheroid - White - Green)
1121,Azys Lla ADS (Spheroid - White - Yellow)
1122,Azys Lla ADS (Spheroid - White - Orange)
1123,Azys Lla ADS (Cuboid - Silver - Red)
1124,Azys Lla ADS (Cuboid - Silver - White)
1125,Azys Lla ADS (Cuboid - Silver - Violet)
1126,Azys Lla ADS (Cuboid - Silver - Lavender)
1127,Azys Lla ADS (Cuboid - Silver - Aqua)
1128,Azys Lla ADS (Cuboid - Silver - Green)
1129,Azys Lla ADS (Cuboid - Silver - Yellow)
1130,Azys Lla ADS (Cuboid - Silver - Orange)
1131,Azys Lla ADS (Cuboid - White - Red)
1132,Azys Lla ADS (Cuboid - White - White)
1133,Azys Lla ADS (Cuboid - White - Violet)
1134,Azys Lla ADS (Cuboid - White - Lavender)
1135,Azys Lla ADS (Cuboid - White - Aqua)
1136,Azys Lla ADS (Cuboid - White - Green)
1137,Azys Lla ADS (Cuboid - White - Yellow)
1138,Azys Lla ADS (Cuboid - White - Orange)
1139,Azys Lla ADS (Ovoid - Silver - Red)
1140,Azys Lla ADS (Ovoid - Silver - White)
1141,Azys Lla ADS (Ovoid - Silver - Violet)
1142,Azys Lla ADS (Ovoid - Silver - Lavender)
1143,Azys Lla ADS (Ovoid - Silver - Aqua)
1144,Azys Lla ADS (Ovoid - Silver - Green)
1145,Azys Lla ADS (Ovoid - Silver - Yellow)
1146,Azys Lla ADS (Ovoid - Silver - Orange)
1147,Azys Lla ADS (Ovoid - White - Red)
1148,Azys Lla ADS (Ovoid - White - White)
1149,Azys Lla ADS (Ovoid - White - Violet)
1150,Azys Lla ADS (Ovoid - White - Lavender)
1151,Azys Lla ADS (Ovoid - White - Aqua)
1152,Azys Lla ADS (Ovoid - White - Green)
1153,Azys Lla ADS (Ovoid - White - Yellow)
1154,Azys Lla ADS (Ovoid - White - Orange)
1155,Toco Toco
1156,Cathedral Gargoyle
1157,Sphinx
1158,Pterygotus
1159,Griffin B (Brown)
1160,Sanguiptere
1161,Sanuwa (Mount)
1162,Behemoth Heir
1163,Accompanyment Node
1164,Steam-powered Gobwalker G-VII
1165,Wind-Up Iceheart
1166,Wind-Up Gestahl
1167,Wind-Up Yugiri
1168,Emerald Carbuncle
1169,Wind-up Gnath
1170,Paissa Brat
1171,Wind-Up Illuminatus
1172,Pumpkin Butler
1173,Hunting Hawk
1174,Shalloweye
1175,Penguin Prince
1176,Wind-Up Relm
1181,Nunyenuncs Shadow
1182,Bit D (Black & Gold)
1183,Steam Bit B (Purple)
1184,Panther (Mount)
1185,Graoully
1186,Vidofnir
1187,Coeurlregina (Darkened)
1188,Sosanuwa
1189,Ulsanuwa
1190,Ice Dragonet
1191,Moss Dragonet
1192,Dragon Statue (Aery)
1193,Crystals
1194,Drakespur
1195,Garudas Plume (Many Feathers)
1196,Orb (Blue Fire)
1197,Orb (Green Wind)
1198,Orb (Red/Blue)
1199,Orb (Green Cloud)
1200,Orb (Fire)
1201,Circle (Vertical Purple Effect)
1202,Orb (Sky Blue)
1203,Orb (Golden Electricity)
1204,Orb (Bubble)
1205,Wind Circle
1206,Water Circle
1207,Landmine (Pulsing)
1208,Orb (Darkness)
1209,Gaius van Baelsar X Slash
1210,Elder Syricta
1211,Poroggo (+ Blue Hat)
1212,Gold Rush Minecart
1213,Black Fat Cat
1214,Senmurv
1215,The Pale Rider
1216,Gandarewa
1217,Bird of Paradise
1218,Leucrotta
1219,Mirka
1220,Pylraster
1221,Bune
1222,Agathos
1223,Campacti
1224,Stench Blossom
1225,Alteci
1226,Thextera
1227,The Scarecrow
1228,Tonberry Marauder
1229,Gobtank G-IV
1230,Magic Broom 2
1231,Flying Shark
1232,Sword
1234,Cuchulainn
1235,Drum Bit A (Red)
1236,Bit E (Blue & Orange) Clockwork Turret
1237,Field Generator A (Allagan)
1238,Vedrfolnir
1239,Boomtype Magitek Gobwalker G-VII
1240,Sentient Inkhorn 2 (Flightless)
1241,King Thordan (b)
1242,Knight of the Round
1243,Knight of the Round (2)
1244,Orb (Spinning Discs?)
1245,Cone (Spinning Discs?)
1246,Orb (White / Five Heade Dragon?)
1249,Twintania (Mount)
1250,Knight of the Round (b)
1251,Wyvern
1252,Thunder Dragon (b)
1253,Moss Dragon (b)
1254,Ice Dragon (b)
1255,Fire Dragon (b)
1256,Zombie Dragon (b)
1257,Vidofnir (b)
1258,Flying Thunder Dragon (b)
1259,Flying Moss Dragon (b)
1260,Flying Ice Dragon (b)
1261,Flying Fire Dragon (b)
1262,Flying Zombie Dragon (Grounded)
1263,Ice Dragonet (b)
1264,Midgardsormr (Mount)
1265,Generic Person
1266,Fallen Debris (Dusk Vigil)
1267,Fallen Debris (Dusk Vigil)
1268,Fallen Debris (Dusk Vigil)
1269,Purple Wyrm with pink eyes
1270,Belladonna
1271,Hybodus
1272,Echidna
1273,Blackguard
1274,Queen Hawk
1275,Sawtooth
1276,Hellhound
1277,Darkscale
1278,Flying Graoully
1279,Manipulator (Four Short Legs)
1280,Shiva (Sword)
1281,Rose Garden
1283,Clockwork Hunter
1288,Holder with 3 city-state banners in it
1289,Ishgardian Banner
1290,Glowing Purple Crystal
1291,Birds Nest / Rosebear
1292,Brown drawer
1293,Living Rock
1294,Living Rock (II) (Copy)
1295,Poroggo C (Purple w/ Blue Hat)
1296,Vodoriga (II) (Slightly Lighter Copy)
1297,Grizzly Host
1298,Progenitrix
1299,Progenitor
1300,Water Tornado (Neverreap? Alexander?)
1301,Biloko
1302,Triceratops
1303,Brachiosaur
1304,Construct 8
1305,Ligeia
1306,Meracydian Falak
1307,Falak (II) (Copy)
1308,Grey Bomb
1309,Remedy Bomb
1310,Diplocaulus
1311,Foobar
1312,Dexter (Mob-Left Frill)
1313,Bismarck (Broken Chitin)
1314,Gana C (Purple/Yellow)
1315,Korpokkur
1316,FFXI Beetle
1317,Ghrah Lumiary (Sphere)
1318,Wind-Up Ifrit
1319,Clockwork Twintania
1320,Korpokkur Kid
1321,Wind-Up Firion
1322,Wind-Up Echidna
1323,Barghest
1324,Plague Purge
1326,Witchs Broom
1327,Ascian Prime (Not Glowing)
1328,Sinister (Mob-Right Frill)
1330,Wind up Garuda
1331,Wind up Titan
1332,Wind-up Leviathan
1333,Dress-Up Yshtola
1334,Wind-Up Haurchefant
1335,Wind-Up Nero
1336,Wind-Up Krile
1337,Little bird
1338,Pteranodon
1339,Irminsul (Small)
1340,Irminsul (Large)
1341,Sawbones (Head Vine)
1342,Echidna (Lamia)
1343,Army hat bug
1344,Boomtype Magitek Gobwalker G-VII (b)
1345,Sephirot
1346,Cetus
1347,Corruption (Sphere)
1348,Corruption (Doll)
1349,Corruption (Vulture)
1350,Corruption (Spider)
1351,Diabolos (b)
1352,Onslaughter (Alexander)
1353,Blaster (Alexander)
1354,Vortexer (Alexander)
1355,Swindler (Alexander)
1356,Brawler (Alexander)
1357,Brute Justice (Final Form)
1358,Brute Justice (Glowin Final Form)
1359,Void Ark Scrap
1360,The Pagans Knot
1361,Pharos HM Generator
1362,Rose Hip
1363,Hunched Goblin
1364,Weird flying bug
1365,Scary Floating Demon
1366,Piloted Sky Armor
1367,Rose Bud
1368,Bomb Incubator (Blue)
1369,Ghrah Lumiary (Doll)
1371,Spider
1372,Orb (Red/Black)
1373,Orb (Gold)
1374,Gyretower
1375,Calcabrina
1376,Calca
1377,Brina
1378,Bloated Bulb
1379,Manacutter (Silver)
1380,Manacutter (Black)
1381,Knight Hawk
1382,Sephirot (Phase 2)
1385,Hecteye
1386,Little monkey
1387,Dwarf rabbit
1388,Giraffe
1390,Jibanyan
1391,Komasan
1392,Whisper
1393,Blizzaria
1394,Kyuubi
1395,Komajiro
1396,Manjimutt
1397,Noko
1398,Venoct
1399,Shogunyan
1400,Hovernyan
1401,Robonyan F-Type
1402,USApyon
1403,Kuribu
1404,Magitek Hexadrone
1405,Achamoth
1406,Nidhogg (Both Eyes / No Scars)
1407,Elemental F (White)
1408,Animus Elemental
1409,Winged Lion
1410,The Strongman (Heavensturn 2016)
1411,Kongamato (Mount)
1412,Wyvern (Mount)
1413,Magitek Reaper (Glowing)
1414,Gobblydegroper (Alexander 8)
1415,Ark Ked
1416,Soldier Hawk
1417,Incinerator (Alexander 11)
1418,Monk Chimera
1419,Spiked Monk Chimera
1420,Forgotten Wisent
1421,Charybterix
1422,Trained Sanuwa
1423,Wind-Up Zundu Warrior
1424,Okeanis F (Purple)
1425,Spinnning Wheel with spikes in the middle
1426,Ziggy
1427,Enraged Marid
1428,Groundskeeper C (Purple)
1429,Skatene B (White)
1430,Sephirot-Egi
1431,Gigi (Hildibrand)
1432,Wind Elemental
1433,Tornado with leaves
1434,Anima
1435,Glowing Anima
1436,Byakko (Beast Form)
1437,Byakko (Beast Form)
1438,Sabertooth tiger
1439,Vanara
1443,Enormous Black Boulder/Ball
1444,Gloria-class Airship
1445,Zuro Roggo (Antitower Boss 1)
1446,Zu (Mount)
1447,Bennu (Mount)
1448,Floating pink and red hearts
1449,Magic Pot from FFXI
1450,Stardust
1451,Magic Doll from sky in FFXI
1452,Pink orb with floating pink diamonds
1453,Wind tornado
1454,Floating black void with purple glow
1455,Sasquatch (Hullbreaker Isle Boss 1)
1456,Tuco Tuco
1458,Faust
1459,Morpho
1461,Calca
1462,Brina
1463,Dragonet
1464,Lucky Bucket
1465,Piggy
1466,Poroggo
1467,Fenrir
1468,Cheerleader
1469,Calamari
1470,Brachiosaur
1471,Blaster Clone (Alexander)
1472,Black Pegasus
1473,Minotaur
1474,Minotaur (Mottled - Red)
1475,Large Egg (White)
1476,Astrope
1477,Restrained Sephirot
1478,Vanara of Biting Cold
1479,Vanara of Resonating Thunder
1480,Ozma Phase One
1481,Ozma Phase Two
1482,Crimson Morpho
1483,Moon Gana
1484,Spoony Bard
1486,Vath Warlord
1487,Raubahn Sword on the ground
1488,Callofisteri
1489,Green Caterpillar
1490,Hraesvelgr
1491,Arachne Eve
1492,Blaster (Alexander)
1493,Vortexer (Alexander)
1494,Swindler ()
1495,Brawler ()
1496,Siege Breaker (Doma Castle)
1498,Forgall
1499,Black Cat
1811,Zurvan (Fettered)
1539,Zurvan
1801,Zurvan
1604,Zu Pullet
1778,Zenos Yae Galvus (No Helm)
1885,Zenos Yae Galvus (Helmet)
1956,Zenos Yae Galvus (Helmet)
1954,Zenos Yae Galvus (Again)
1955,Zenos Yae Galvus (Again)
1913,Zenos Sword (Wind)
1914,Zenos Sword (Lightning)
1915,Zenos Sword (Force?)
1969,Zenos in black armor with no helmet
1971,Zenos in black armor
1873,Zenos (Wind Katana)
1941,Yumemi (Non-Naked)
1825,Yugiri
1827,Yotsuyu
1894,Yol
1766,Yojimbo
1739,Ying-Yang
1684,Yak Ram Thing
1579,Wyvern (White) [Locked]
1812,Wolf Dude (Headless?)
1835,Wolf (White/Light Red)
1931,Wolf (Red/Grey)
1836,Wolf (Blue/Red)
1611,Wind-Up Yuna
1616,Wind-Up Thancred
1545,Wind-Up Shiva
1612,Wind-Up Rikku
1698,Wind-Up Red Mage
1979,Wind-Up Ravana
1544,Wind-Up Ramuh
1855,Wind-Up Moon
1651,Wind-Up Moenbryda
1833,Wind-up Meateater
1824,Wind-up Lyse
1613,Wind-Up Lulu
1980,Wind-Up Kojin
1693,Wind-Up Kain
1978,Wind-Up Hien
1626,Wind-Up Edda
1546,Wind-up Calofisteri
1968,Wind-Up Bismark
1692,Wind-Up Bartz
1547,Wind-Up Aymeric
1617,Wind-Up Alisaie
1618,Wind-Up 
1923,Wind Blob?
1511,White Lanner (Bismarck)
1534,Whisper-go
1646,Whisper A-go-go
1507,Whelk from FF6 - Purple
1508,Whelk from FF6 - Grey
1770,Weirdly colored lion
1958,Water Orb
1959,Water Globe (Purple)
1514,Warring Lanner (Sephirot)
1744,Voidsent Wyvern (Boss?)
1936,Void Ark Plant Beast?
1993,Vochtstein (A-Rank SB Hunt)
1740,Vira Swordmaid (?)
1919,Ushitora
1719,Unkiu
1650,Unicolt
1643,Ugly Red Demon
1709,Ugly Blue Scorpion Bug
1608,Tsanahale (Green/Pink)
1853,Treant?
1582,Tozol Huatotl (Xelphatol)
1918,Tomegi
1787,Tiny Tatsunoko
1572,Thundercloud
1838,The Griffins Blade
1804,The Griffin (Ilberd)
1535,The Epigraph (Weeping City Mid-Boss)
1999,Terrified Namazu
1868,Tengu
1982,Tengu
1759,Tenaga (Yanxian Dryad)
1900,Temple of the Fist Ghost
1682,Tatsunoko (Blue/Purple)
1964,Targeting mark on ground
1548,Taoist Moogle
1624,T-Pose Default Model
1652,T-pose Default Model
1653,T-Pose Default Model
1727,T-Pose Default Model
1728,T-Pose Default Model
1729,T-Pose Default Model
1860,T-Pose
1676,Syldra
1743,Suzaku
1965,Susanoo Blocking Shield Effect
1674,Susanoo
1898,Susanoo
1911,Susanoo
1962,Sun Orb
1991,Sum (A-Rank SB Hunt)
1644,Succubus (EQ)
1592,Strix
1730,Stone Gaol (Titan)
1932,Stone Gaol (Susanoo)
1935,Steppe Stone Block?
1658,Starlight Bear
1998,Spirit Coeurl
1543,Spider Mite (Yellow-Brown)
1542,Spider Mite (Green-Yellow)
1802,Spectre of Gosetsu
1789,Sparrow
1537,Sophias Head
1702,Sophias glowing scales
1762,Sophia without head (gold)
1700,Sophia (without head)
1701,Sophia (second form)
1536,Sophia
1501,Small Glowing Orb with Music Note in it
1634,Skystone (Xelphatol Diloc Add)
1720,Simurgh from FFXI / Phorusrhacos
1798,Shisui Yohi (Shisui Final Boss)
1926,Shinryu Tail
1708,Shinryu EX?
1893,Shinryu (Huge)
1960,Shining Orb
1906,Shalloweye
1615,Shaggy Shoat
1748,Shadow Dragon (Purple/Green)
1522,Sea Monk (Spiked - Blue)
1750,Sea Monk (Psychadelic)
1820,Scathach Tendril Hand
1803,Scathach (Dead)
1689,Scathach
1782,Scathach
1839,Scathach
1945,Scarab (Tan)
1538,Sarcophagus of the Demon Queen: Scathach
1509,Sarchosurcus
1994,Salt Dhruva
1988,Salt and Light (S-Rank SB Hunt)
1630,Sahagin (EQ)
1642,Sahagin (EQ)
1760,Sad Pumpkin
1889,Ruby Tide Princess
1513,Round Lanner (Thordan)
1512,Rose Lanner (Ravana)
1746,Rock Rhino (Mossy)
1772,Rock Plant Fish Mouth???
1771,Rock monster with two hands
1872,Rock Beast (Purple Crystals)
1523,Riviera Striking Dummy
1599,Revenant (Red)
1745,Revenant (Purple)
1504,Revenant (Grey)
1637,Refurbisher ()
1722,Refurbisher ()
1723,Refurbisher ()
1527,Red Mimic
1970,Red Armor Zenos without helmet and with Wind Katana
1972,Red Armor Zenos with Wind Katana
1909,Razor Disc (Doma Boss Add)
1587,Raigo
1775,Raigo
1726,Qiqirn (EQ)
1740,Qalyana Shudra
1710,Purple Gryphon
1620,Pudding (Oil)
1774,Power Core (Deconstructor Add)
1823,Player (T)
1886,Player (?)
1887,Player (?)
1902,Pig
1950,Phurble (Green)
1577,Parthenope
1677,Palace of the Dead - Kuribu (Pomander of Resolution)
1686,Ozma (Shade Form - Adds Sub-boss)
1758,Ozma
1524,Orn Khai
1520,Original Fat Chocobo
1989,Orcus (A-Rank SB Hunt)
1842,Orange Rotating Rings
1657,Orange Kappa
1502,Old World Striking Dummy (level 60)
1939,Okina (S-Rank Hunt)
1786,Odder Otter
1668,Nybeth Obdilord
1764,Numbers (Eureka NM)
1794,Number XXIV (Castrum Abania 2nd Boss)
1877,Nine-Tails (FATE Boss)
1505,Nimbus Cloud
1533,Nidhogg Phase 3
1588,Nidhogg (Spirit)
1647,Nidhogg (Fused with Estinien) 2
1555,Nidhogg
1783,Nidhogg
1863,Neo Exdeath
1614,Namingway
1933,Namazu (Blank Eyes)
1793,Namazu (Big)
1830,Namazu
1632,Naked Yumemi
1593,Mystic Panda
1767,Muud Suud
1908,Mossy Stone Block Demon
1901,Mossling
1631,Minotaur
1983,Matanga
1718,Matamata
1904,Manzasiri
1995,Manta Ray (Kojin Quest Mount)
1870,Manta (No Saddle)
1891,Maned Dragon?
1629,Managarm
1981,Mameshiba
1890,Magna Roader (Red)
1712,Magna Roader (Purple)
1733,Magma Snipper
1940,Magitek... Crawley Thing (Red/Black)
1669,Magitek Predator (w/ Pilot)
1996,Magitek Predator
1654,Magitek Killer Mantis
1741,Magitek Gobwalker Mk. IX
1736,Magitek Driller
1903,Magitek Colossus (Cobalt)
1974,Magitek Bit
1818,Magitek Avenger
1834,Magitek Avenger
1761,Lugat (Sirensong Sea 1st Boss)
1716,Lorelei (Sirensong Sea Final Boss)
1566,Living Lock (Vine)
1568,Living Lock (Bulb)
1567,Living Lock (Axe)
1937,Living Liquid (Alex)
1648,Little Midgardsormr
1666,Liquid Flame (PIllar Form)
1664,Liquid Flame (Humanoid Form)
1665,Liquid Flame (Hand Form)
1844,Lion (White)
1846,Lion (Magma)
1845,Lion
1892,Level Checker
1857,Lanner (Zurvan)
1768,Lanner (Sophia)
1953,Lanner (Brown)
1944,Lammergeyer? (Red)
1973,Lammergeyer? (Green)
1549,Lamia-Dalvag-Parthenope
1550,Lamia-Dalvag-Parthenope
1551,Lamia-Dalvag-Parthenope
1675,Lakshmi
1899,Lakshmi
1975,Lakshmi
1619,Kum Kum (Syrcus Tower Amon Adds)
1821,Koja
1785,Kitten Thing
1806,Khun Shavar (Staff Training Dummy)
1997,Khun Chuluu (Sad Bardam Walls)
1897,Khloe
1525,Kargas
1792,Karakuri Shinobi (Boss)
1910,Karakuri Shinobi
1797,Karakuri Mask?
1920,Kageyama
1805,Ixion
1987,Ixion
1663,Ixal (EQ)
1831,Ivon Coeurlfist
1757,Ivan Coeurlfist
1754,Inferno (Castrum Abania Final Boss)
1795,Imp Jester
1917,Hypertuned Grynewaht
1927,Hrodric Poisontongue
1694,Hraesvelgr artbook
1560,Hraesvelgr (One Eye Closed)
1559,Hraesvelgr (Eyes Closed)
1557,Hraesvelgr
1558,Hraesvelgr
1621,Hraesvalgr (Spirit)
1952,Horse (Brown)
1862,Hex Shield Thing
1876,Hellhound (Steel Grey)
1800,Hecatoncheir (Green)
1639,Hecatoncheir (EQ)
1640,Hecatoncheir (EQ)
1641,Hecatoncheir (EQ)
1769,Halloween Ahriman
1799,Halicarnassus (Omega 3)
1721,Gyuk
1828,Grynethwaht
1519,Groundskeeper A
1992,Grimekhala (A-Rank SB Hunt)
1852,Griffin (True)
1660,Green Kappa
1807,Grasshopper
1681,Gowrow (Sohm Al HM 2nd Boss)
1938,Gowrow (Sohl Al HM)
1711,Governor (Sirensong Sea 1st Boss)
1585,Goten
1826,Gosetsu
1747,Goobbue (Frozen)
1777,Golden Egg
1871,Gobroller Mk. VII (Alex 10)
1670,Gobroller Mk. VI ( 7)
1638,Gobbie (EQ)
1656,Gobbie (EQ)
1742,Gobbie (EQ)
1622,Glowing Toxic Neon Green Orb
1636,Glowing sky blue Allagan orb
1506,Glowing Orb
1556,Glowing Nidhogg Phase 3
1934,Glowing Dragon Skull (Yojimbo Add)
1586,Ginga
1695,Gigi
1714,Ghost Aurelia (Sirensong Sea)
1895,Ghido
1569,Generic Person
1570,Generic Person
1749,Generic Blue Demon thing
1738,Garula (Bardams Mettle 1st Boss)
1864,Garlean Scientist Asshole
1984,Garlean Gatling Gun
1581,Gaol (Ozma)
1678,Gaol (Obsidian)
1659,Frog
1784,Fox
1573,Floating orb of ice
1687,Floating Glowing White Staff
1571,Floating ball of ice
1623,Flaming Orb
1575,Flame Sergeant Dalvag lookalike without the glowing eyes
1574,Flame Sergeant Dalvag
1847,Fist Temple Golem?
1765,Firebird
1961,Fire Orb
1731,Ferdiad Hollow
1957,Feather Orb
1532,Fat Moogle
1600,Fancy glowing blue spear/pole
1601,Fancy giant red sword buried in the ground
1528,Fan Construct
1773,Falcon (Mount)
1791,Faehound S (Red/Black)
1859,Faehound S (Blue/Black)
1858,Faehound L (Purple/Black)
1837,Faehound L (Blue/Black)
1673,Exploding Fat Cannister ( 11 Adds)
1756,Execrated Will(EQ - Zurvan Adds)
1896,Exdeath
1531,Estinien (Nidhogg Fusion)
1990,Erle (A-Rank SB Hunt)
1610,Eradicator ( 11)
1565,Entanglement
1869,Elephant (Grey/Blankets)
1963,Electric Orb
1854,Electral Orb
1503,Edda
1878,Echidna (EQ)
1851,Dragonfly (Green/Yellow)
1589,Dragonet (Blue/White)
1856,Dragonet ( Blue)
1602,Dragons Head (Shinryu Add)
1510,Dragon (Zombie)
1928,Dragon (Yellow)
1553,Dragon (Shadow)
1986,Doom Knight Champion
1751,Doom Knight
1949,Doman Treant?
1948,Doman Bear? (Orange) Wolverene
1813,Doman Armor Golem? (Steel)
1942,Doman Armor Golem? (Red)
1635,Disembodied Head
1541,Diremite (Green-Yellow)
1584,Diloc Ciluoc (Xelphatol)
1866,Diabolos Prime
1781,Diabolos (Injured)
1822,Diabolos
1848,Dhruva? (Ice)
1819,Dhara? (Yellow/Brown)
1849,Dhara? (Blue/Black) / Gnome
1943,Dhammel
1603,Demon Tome
1609,Demon of the Tome
1888,Demon Face Totem (Omega 4)
1832,Demon Doll?
1580,Dark Lanner (Niddhog)
1562,Dangerous Boquet
1691,Cupid (Minion) From valentines day event
1672,Crystal-Powered Laser Cannon
1633,Cruise Seeker (Cruise Chaser Add)
1606,Cruise Chaser again
1605,Cruise Chaser
1763,Cruise Chaser
1518,Creepy White Mage
1517,Creepy Black Mage
1947,Crab Scorpion (Grey)
1814,Coralshell
1796,Connla (Scathach Add)
1649,Coincounter Primus (Aquapolis Final Boss)
1816,Coeurl (Red/Orange)
1815,Coeurl (Grey/Green)
1905,Cobra (Blue)
1929,Coblyn (Pink)
1515,Cloud Mallow
1688,Christmas Paissa
1561,Ceruleum Servant
1925,Catastrophe Tentacle
1755,Catastrophe
1696,Castaway Chick
1779,Captain Madison (Satasha HM 1st Boss)
1732,Canis Pugnax
1564,Calofisteri Spine [SKL]
1591,Calofisteri (Left Haircut)
1590,Calofisteri
1735,Cait Sith (Clean - Redbill Scarf)
1734,Cait Sith
1865,Cait Sith
1690,Bulldog Pup
1843,Bulbasaur? (Skalla Boss)
1516,Brute Justice
1683,Bombfish
1790,Bombfish
1788,Bom Boko
1841,Blue Orb (Big)
1526,Blue Mimic
1699,Blue Kojin (EQ - Headless)
1967,Black Hole [Effect]
1966,Black Hole
1530,Bird of Paradise (Rainbow)
1578,Bijou (Calofisteri)
1752,Behemoth
1850,Bear (Black)
1725,Battle Lion
1563,Barrel
1817,Bardams Hammer Golem
1628,Balloon Turret (Xelphatol Diloc Add)
1930,Bahamut (Large-Blue)
1780,Atomos (Yellow/Black)
1529,Atomos (Silver)
1861,Atomos (Chrome Blue)
1704,Arrhidaeus Lanner (Winged -  Prime Add)
1706,Arrhidaeus Lanner (Guns -  Prime Add)
1705,Arrhidaeus Lanner (Clock -  Prime Add)
1703,Arrhidaeus Lanner ( Prime Add)
1679,Armored Weapon (Magitek Laser Thing)
1808,Armored Weapon (Magitek Laser Spider)
1776,Archon Throne
1907,Archamoth
1753,Arbuda (Temple of the Fist 2nd Boss)
1867,Apa/Undine
1717,Antlion
1697,Anima
1951,Angler Fish (Brown/Orange)
1829,Angel bell
1985,Ancient Wyvern (Spined - Black/Purple)
1552,Ancient Wyvern (Iridescent Blue)
1554,Ancient Wyvern (Deep White)
1740,Ananta
1737,Anala (Magma)
1680,Amikiri (Shisui of the Violet Tides 1st Boss)
1713,Alte Roite (Omega 1) [Frozen]
1875,Alte Roite (Omega 1)
1924,Alpha (Omega)
1667,Allagan Drone (Ant)
1521,Ahriman (Purple)
2000,Adamantoise
1607,A silhouette of Sophia
1685,A giant tornado
1671,A floating multicolored crystal
1627,3 Rocks
1724, Prime ()
1583, Prime
2016,Zenos Without Helmet
2050,Zenos with Skull Helmet
2017,Zenos With Helmet
2186,Zenos (Recovering)
2087,Zangbeto
2265,Yukinko (Eureka Pagos)
2059,Yol (Purple/Green)
2020,Yol (Pink)
2309,Yojimbo
2404,Yojimbo
2267,Yiazmat (Ridorana Final Boss)
2272,Yiazmat (Enraged)
2485,Yshtola
2062,X Slash [Effect]
2211,Wukong - Monkey King
2063,Wood Table
2294,Withered Belladonna
2229,Wise Namazu with headband
2228,Wise Namazu
2413,Wind-Up Tataru
2124,Wind-up Shinryu
2046,Wind-Up Ramza
2168,Wind-Up Mithra
2133,Wind-Up Kojin ( Purple - Minion)
2069,Wind-Up Ixion
2343,Wind-up Elvaan
2246,Wind up Zhloe
2245,Wind up Tsukuyomi
2244,Wind up Tarutaru?
2242,Wind up Sadu
2241,Wind up Cirina
2141,Whittret
2192,White Whittret
2128,White Chicken
2431,Wetland Warg
2122,Weird Multicolored Sphere
2465,War Tiger
2408,Wall of Snakes (Seiryu)
2077,Val Guardian
2280,Val Corpse (Eureka Pagos)
2070,Ultros
2451,Ultimate Kamuy/Wolf
2473,Ultima: The High Seraph (Orbonne)
2264,Ultima Weapon Ultimate
2271,Ultima Weapon of some sort
2398,Ultima
2126,Tyrannosaur
2175,Typhon [Frozen]
2171,Turtle
2293,Tsukuyomi again
2210,Tsukuyomi
2191,True Griffin
2470,Trisiltia
2057,Treasure Chest (Copper)
2039,Treant (Christmas Event)
2060,Training Dummy (Elite)
2341,Tokkapchi - Minon
2357,Tokkapchi
2474,Titania
2278,Titan
2332,Tifa
2045,The Ultima Warrior (Fractal Cont. HM 1st Boss)
2044,The Ultima Beast (Fractal Cont. HM Final Boss)
2410,The Thunder God (Orbonne-Not Fucked Up)
2075,The Old One (Skalla 2nd Boss)
2493,The Great Serpent of Ronka
2018,Tentacle (Exdeath Add)
2432,Tempest mob?? Unknown
2497,T.G. Sword
2011,T-Pose Default Model
2019,T-Pose Default Model
2028,T-Pose Default Model
2292,T-Pose Default Model
2411,Swearing Imp Thing
2355,Suzaku Orb
2346,Suzaku Indicator (Yellow)
2352,Suzaku Indicator (West)
2351,Suzaku Indicator (South)
2345,Suzaku Indicator (Red)
2348,Suzaku Indicator (Purple)
2349,Suzaku Indicator (North)
2350,Suzaku Indicator (East)
2347,Suzaku Indicator (Blue)
2393,Suzaku Effect
2259,Suzaku - Human
2261,Suzaku - Human
2368,Suzaku - Feather
2366,Suzaku - Dressed
2327,Suzaku -
2365,Suzaku
2012,Susanoo Sword Part
2022,Susanoo Battle Mode
2056,Susanoo
2117,Striped Ray
2088,Squib (Eureka)
2026,Spirit Warrior 2 (Temple of the Fist)
2025,Spirit Warrior (Temple of the Fist)
2317,Spinning White Orb
2308,Spinning Gear
2036,Spectre (Blue)
2384,Solus Zos Galvus
2461,Soft Pillow
2479,Slime (Gold)
2336,Slime
2462,Sin Eater Mob??
2078,Shinryu
2149,Shinryu
2157,Shinryu
2233,Shalloweye
2464,Seiryu (Snake Form)
2403,Seiryu
2414,Seiryu
2148,Sea Faerie? (Skalla Trash)
2043,Sea Faerie? (Skall Add)
2058,Scorpion Bug (Brown)
2067,Salt and Pepper Seal
2218,Sai Taisui (Swallows Compass)
2306,Safeguard System
2055,Sadus Door Model [Incorrect]
2222,Sabotender Emperatriz
2406,Sabotender Emperador
2486,Ryne
2262,Rusted Math Construct
2091,Rolling Boulder
2083,Rofocale (Rabanastre 3rd Boss)
2102,Rival Wings Mech #3 - Red
2099,Rival Wings Mech #3 - Blue
2101,Rival Wings Mech #2 - Red
2098,Rival Wings Mech #2 - Blue
2100,Rival Wings Mech #1 - Red
2097,Rival Wings Mech #1 - Blue
2104,Rinok
2269,Ridorana Exploding Fire Bell Trash
2165,Regular Kefka
2135,Regalia Type-G
2354,Red Orb
2130,Red Kojin (EQ)
2119,Red Hare
2007,Red Egg
2234,Red Demon Spinning Mask (Heaven-on-High)
2429,Red Amaro
2120,Raubahn
2257,Rathalos (Monster Hunter) [Frozen]
2203,Rathalos (Monster Hunter)
2456,Ranjit with scythe
2457,Ranjit pet
2487,Ranjit - Frozen
2455,Ranjit
2463,Raiden
2251,Pure White Tsukuyomi
2252,Pure Black Tsukuyomi
2150,Pulsating blue ground field
2424,Provenance Watcher
2307,Prototype Conveyor
2079,Principia (Allagan Summoner Tome)
2169,Prince of Anemos
2076,Primelephas (Eureka)
2231,Poroggo
2205,Poogie? (Disappears Immediately)
2285,Poogie from Monster hunter
2443,Pillow
2364,Pillar
2446,Phoenix Add
2426,Phoenix - Possibly Suzaku
2434,Phillia (Holmister final boss)
2200,Phantom Train Markers
2153,Phantom Train Ghost
2136,Phantom Train
2358,Penthesilea (a.k.a Penny)
2161,Pazuzu (Eureka Anemos NM)
2284,Palico from Monster hunter (different one)
2204,Palico from Monster Hunter
2172,Pagos Bunny
2409,Ozma
2498,Ozma
2499,Owains Hand
2453,Ovni
2187,Otengu (Swallows Compass 1st Boss)
2145,Otake-Maru (Hells Lid 1st Boss)
2190,Orb (Byakkos Balls)
2328,OMG - Omega
2378,Omega- Floating Right Arm
2379,Omega- Floating Left Arm
2375,Omega Rocket Punch 2
2374,Omega Rocket Punch 1
2323,Omega M | F Puddle
2459,Omega M | F Puddle
2320,Omega M
2436,Omega Level Checker
2321,Omega F
2380,Omega 12 Structure?
2460,Omega 11s Hands
2311,Omega - Midgardsormr
2335,Omega - Midgardsormr
2387,Omega - M
2388,Omega - F (With Weapon)
2389,Omega - F (No Weapon)
2377,Omega - Chaos
2360,Omega
2274,Odder Otter with asian hat
2297,Nullchu
2370,Noctis
2030,Nezha Chariot
2322,Neo Omega
2024,Neo Exdeath
2226,Namazu with headband
2221,Namazu
2224,Namazu
2422,Mustadio (Orbonne)
2068,Mudkip
2134,Motherbit (Fractal Cont. HM 1st Boss)
2318,Moogle (EQ)
2344,Moogle
2238,Monkey king
2140,Moai Head
2339,Mister Bright-Eyes
2356,Mist
2086,Mirrorknight (Corrupted - Green/Purple)
2415,Minitek Conveyor
2441,minion nu mou
2418,Mini Absolute Virtue
2202,Mikoshi
2080,Midgardsormr pet size
2427,Midgardsormr Head (Omega)
2491,Micro Gigantender
2467,Maxima Roader
2027,Matoya (EQ-Headless)
2439,Matmata
2212,Math Construct boss from Ridorana
2247,Math Construct
2038,Mateus: the Corrupt (Rabanastre 1st Boss)
2296,Matamata
2488,Masterless Talos
2074,Marid
2243,Malboro with skirt
2144,Magnai
2361,Magna Roader
2213,Magitek Trooper FFXV
2290,Magitek Sky Armor
2362,Magitek Sky Armor
2002,Magitek Rearguard (Doma Castle 1st Boss)
2337,Magitek Predator (EQ)
2298,Magitek Predator
2004,Magitek Heavy Loader (Bomb)
2258,Magitek Conveyor
2118,Magitek Claw
2003,Magitek Bit Bomb (Rearguard Add)
2466,Magitek Avenger A-1
2072,Magitek Avenger
2340,Magicked Carpet
2214,MA-X FFXV
2195,Lunar Kamuy
2266,Louhi (Eureka Pagos NM)
2094,Little Snowman With Candy Cane
2040,Level Checker (Red)
2041,Level Checker (Green)
2116,Legendary Kamuy
2089,Lamashtu (Eureka NM)
2013,Lakshmi
2394,Lakhamu
2477,Lakelord Aenc Thon of the Long Gait
2333,Kukulkan
2188,Koryu
2071,Korpukkur (Mount)
2401,Korpokkur
2447,Korpokkur
2170,Komainu
2301,Komainu
2066,Koala
2237,King Igloo (Eureka Pagos NM)
2373,Khalamari
2042,Kelpie (Skalla 1st Boss)
2184,Kefka Forsaken
2143,Kefka
2146,Kamaitachi (Hells Lid 2nd Boss)
2304,Juedi
2395,Jar?
2061,Ixion
2010,Ivan Coeurlfist
2215,Iseultalon FFXV
2065,Inferno XL (Castrum Abania Final Boss)
2176,Indigo Whale
2315,Immaculate Apa
2277,Ifrit
2082,Ice-Skating Goddess (Mateus Add)
2029,Horse (Namazu Quest Mount)
2014,Hoarhound (Fenrir - Purple/Red)
2236,Hiruku (HoH Floor 30 Boss)
2400,Hidden Gorge Machine
2152,Hellish Gasame (Crab from Hells Lid)
2442,Hedgehog
2367,Hedetet - Pillar
2371,Hedetet
2052,Hecatoncheir (EQ)
2053,Hecatoncheir (EQ)
2114,Hecatoncheir (EQ)
2037,Hashmal: Bringer of Order (Rabanastre 2nd Boss)
2448,Harpy (Orbonne)
2001,Harakiri Hanya (Kugane Castle)
2452,Hallowed Kamuy
2051,Halicarnassus (Omega 3)
2478,Hades: first form
2138,Guardian (Omega 7)
2476,Griaule
2433,Grey Draco
2268,Grani
2193,Golem (Gougan)
2279,Golden King Crab
2112,Golden Bahamut (UCOB)
2021,Gold Namazu
2164,Goddess Chadarnook (Omega 6 Add)
2137,God Kefka
2177,Glowing: Pulsating Green Sphere of Epilepsy
2154,Gilgamesh
2363,Gilgamesh
2381,Gilgamesh
2496,Gilgamesh
2104,Gijuk
2445,Gigantender
2173,Giant Tiger
2096,Giant Cannon (Red)
2095,Giant Cannon (Blue)
2440,Giant Autoturret (Orbonne Add)
2325,Ghost
2326,Ghost
2031,Generic Person - With Carrying Pole
2392,Generic Person - Holding Wood
2033,Generic Person - Holding Lamp
2035,Generic Person - Holding Bento
2032,Generic Person
2034,Generic Person
2127,Genbu
2469,Garuda XV Event
2276,Garuda
2329,Graha Tia
2417,Furball Minion x3
2313,Frost Dragon
2314,Frost Dragon
2240,Frilled Lizard
2382,Fran
2412,Fran
2081,Fox kit
2230,Flying Rathalos (Monster Hunter)
2111,Flying Dragon - White
2113,Flying Dragon - Green-ish
2110,Flying Dragon
2115,Flying Chair
2092,Floating Water Bubble
2103,Floating Sword
2390,Floating Staff
2009,Floating Purple Dragon Head
2183,Floating Gold Needle
2286,Floating gold fan
2181,Floating Glowing Missile
2023,Floating Blue Light
2291,Floating blue cloud of depression
2391,Floating Axe
2219,Flaming Wall monster from Hells Lid
2444,Fisherman Otter
2310,Festive Namazu
2312,Fatter Cat
2419,Fate boss in Greatwoods
2299,Fat Cat
2385,Fat Black Chocobo
2197,Famfrit: the Darkening Cloud (Ridorana 1st boss)
2256,Fallen Samurai (Mounted)
2303,Fallen Samurai
2482,Fae Gwiber
2189,Eyeball Slime (Radioactive)
2468,Eurekan Petrel
2216,Eureka Pagos NM Marlboro Stack
2359,Euphonius Kamuy
2435,Eros (Ravel Final Boss)
2006,Ent
2372,Eldthurs
2437,Eldthurs
2438,Eggplant
2458,Eden Mount!?
2287,Dreadnaught
2295,Dorpokkur
2194,Dodo Bird
2376,Desert Desman
2396,Desert Armadillo
2015,Demon Tome (Blank)
2300,Deformed Mameshiba?
2302,Defective Drone
2223,Decotitus
2273,Dark Ewer (Famfrit Add)
2217,Daidarabotchi (Swallows Compass 1st Boss)
2162,Dadaluma (Omega 7 Add)
2270,Cute monkey
2185,Creepy Floating Head with Scythes for arms and another head on top
2047,Coeurl (Regular) [Frozen]
2048,Coeurl (Red) [Frozen]
2049,Coeurl (Dark Red) [Frozen]
2330,Cloud
2494,Clionid Larva minion
2125,Citrine Carbuncle
2481,Christmas Slime
2132,Chocobo (Saddle: Weapon on Floor)
2428,Chiliad Cama
2484,chameleon
2369,Chakram - The Burn
2054,Chain Bind (Green) [Effect]
2160,Chadarnook (Omega 6 Boss)
2338,Ceruleum Engine
2005,Cerberus (Red - Eureka)
2163,Cat form Byakko
2342,Capybara
2397,Calx
2454,Calx
2156,Byakko cub
2121,Byakko
2334,Brown Slime
2180,Broken Heart (Right)
2179,Broken Heart (Left)
2085,Bombadeel (Eureka NM)
2353,Blue Orb
2008,Blue Egg
2235,Blue Demon Spinning Mask (Heaven-on-High)
2402,Blood Angel (Ultima add)
2090,Block of ice
2483,Black Hayate
2142,Black checkered egg
2495,Bitty Duckbill
2196,Belias: the Constantly Fucking Going Invincible (Ridorana 2nd Boss)
2253,Battle Mode Tsukuyomi
2254,Battle Mode Pure White Tsukuyomi
2255,Battle Mode Pure Black Tsukuyomi
2064,Basket of Fish
2108,Bangaa Guy - red
2109,Bangaa Guy - grey
2107,Bangaa Guy
2260,Bangaa Boss Guy
2105,Bangaa (EQ)
2106,Bangaa (EQ)
2123,Bangaa (EQ)
2104,BaGamnan / Bwagi
2423,Azulmagia
2167,Auspicious Kamuy
2155,Aurelia Polyp
2275,Ash Dragon (Pagos)
2500,Arts Spear
2416,Armored Weapon
2420,Armor Boi (Ghimlyt)
2492,Armadillo Bowler
2131,Argath Thadalfus? (Rabanastre Final Boss)
2084,Argath Thadalfus (Rabanastre Final Boss)
2093,Archaeodemon (Rabanastre Trash)
2073,Aquamarine Carbuncle
2227,Another type of Namazu with headband
2225,Another type of Namazu
2407,Annia Quo Soranus and Julia Quo Soranus (Ghimlyt) (T-Pose)
2178,Ananta (EQ)
2139,Ananta
2232,Ananta
2489,Amphibious Talos
2430,Amaljaa???
2471,Alt Model (???)
2472,Alt Model (???)
2147,Alpha (Chocobo from Omega)
2324,Alpha
2405,Alpha
2159,Allagan Prototype Minotaur (Fractal HM)
2158,Allagan Prototype Chimera (Fractal HM)
2151,Allagan Bit (Motherbit Add)
2166,Airforce (Omega 7 Add)
2174,Air Force
2421,Agrias (Orbonne)
2331,Aerith
2475,Aenc Thon: Lord of the Lingering Gaze
2425,Absolute Virtue Dragon Add
2399,Absolute Virtue
2239,A wall lantern
2199,A Tornado (literally)
2283,A huge ring of green mirrors
2249,A giant rock - white
2250,A giant rock - purplish/black
2248,A giant rock - grey
2281,A ball of fire
2289,8 Namazu carrying a platform with nothing on it
2501,Owains Spear
2502,Ceto
2503,Art
2504,Owain
2506,Alt Model (???)
2507,Alt Model (???)
2508,Alt Model (???)
2509,Alt Model (???)
2510,The Thunder God (Orbonne)
2511,Regalia Type-G (Off)
2512,Proto Ozma
2513,Echo of Qitana
2514,Vauthry
2515,Innocence
2516,Goblin/Lamebrix
2517,Goblin/Lamebrix
2518,Kobold
2519,Nu Mou
2520,Feo Ul
2521,Tusk
2522,Batsquatch
2523,Gukumatz
2524,Forgiven Jealousy
2525,Daen (??)
2526,Kamuy of the Nine Tails
2527,Edens Leviathan
2528,Edens Titan
2529,Edens Titan 2nd Form
2530,Eden
2531,Terminus Bellweather
2532,Lozatl
2533,Hades (2nd form)
2534,Lake Anemone
2535,Greater Armadillo
2536,Triceratops
2537,Giant Iguana
2538,Grand Cross Crystal
2539,Amaro
2540,Fae Bismarck
2541,Rusted Golem
2542,Prototype Magitek Armor
2543,Wind-up Redback
2544,Eulmoran Mystel NPC (Variant 1)
2545,Ephemeral Warrior
2546,Zenos
2547,Hashmal (Ultima)
2548,Belias (Ultima)
2549,Famfrit (Ultima)
2551,Yama-No-Shiki
2553,Pegasus
2554,Zenos
2555,Zenos
2556,Zenos
2557,Construct 8 (Refurbished)
2558,Flower Basket
2559,Forgiven Conformity
2560,Forgiven Deceit (Sin Eater Bird)
2561,Forgiven Disobedience (Sin Eater Dzo)
2562,Forgiven Conceit (Sin Eater Bear)
2563,The Tycoon
2564,Giant Beaver
2565,Suzaku
2566,Eden Minor
2567,Wind up Omega-M
2568,Wind-up Omega F
2569,Ronkan Thorn
2570,Forgiven Obsentity
2571,Cladoselcahe
2572,Doliodus
2573,Puck
2574,Moss Fungus
2575,Talos
2576,Hades
2577,Terminus Flesher
2578,FFXII Sleipnir
2579,Fire Bomber
2580,Ice Bomber
2581,Tunnel Armor
2582,Formidable
2583,Ironfrog Mover
2584,Innocent Gwiber
2585,Archaeotania
2586,Marquis Morbol
2587,Echevore
2588,Dagon
2589,Geodude
2590,Shorttail Sibilus
2591,Tarchia (S rank)
2592,The First Beast
2593,Aglaope
2594,Gunitt
2595,Garden Porxie
2596,Ronkan Dreamer
2597,Deacon
2598,Huracan
2599,O Poorest Pauldia
2600,Kuribu Sin Eater
2601,Evil Weapon
2602,Tiny Echevore
2603,Sharksucker-class Insubmersible
2604,Shoebill
2605,Butterfly Effect
2606,Ironfrog Ambler
2607,Forgiven Hate
2608,Frog mount
2609,Emet-Selch
2610,Crystal Exarch
2611,Forgiven Dissonance
2612,Mithridates
2613,Forgiven Cruelty
2614,Forgiven Rebellion
2615,Sin Eater Cocoon
2616,Mustardseed
2617,Peasblossom
2618,Automaton Queen
2619,Seraph
2620,Phoenix
2621,Generic Person
2622,Forgiven Ignorance (Sin Eater Diremite)
2623,Forgiven Folly (Sin Eater Diremite B)
2624,Tentacle
2625,Engendered Soma
2627,Voidwalker
2628,Edens Voidwalkers hand add stuff
2629,Forgiven Extortion
2630,Forgiven Apathy
2631,Spikey
2632,Tesleen (Sin Eater)
2633,Forgiven Ambition
2634,Forgiven Violence
2635,Feather
2636,Forgiven Pedantry
2637,Terminus Stalker
2638,Gate Final Mt.Gulag
2639,Gate Final Mt.Gulag
2640,CATASTROPHE
2641,Flying Head
2642,Sticks Sticks but ice (Calx variant)
2643,Forgiven Indecency
2644,Sword
2645,Circus Ahriman
2646,Magicked Bed
2647,Sin Eater Demon wall
2648,Titanias Add
2649,Dodo
2650,Goobu
2651,Sea Anemone
2652,Etainmoth
2653,Phooka
2654,Sword
2655,Mark CXLIV Thermocoil Boilbuster
2656,Boulder in MSQ
2657,Painted Root
2658,Violet Triffid
2659,Ngozi
2660,Green Glider
2661,Supay
2662,ShB S-rank goobue
2663,Serpent
2664,A rock
2666,Looks Delicious: from Tempest
2667,Shinryu head?
2668,S-rank SHB
2669,The Forlorn
2670,Golden Construct
2671,Forgiven Whimsy
2672,Gnole
2673,Engedered Pteraketos
2674,Ancient Lizard
2684,Cubus
2685,Flanborg
2686,Succubus
2687,Friendly Tempest Demihumans
2688,Hobgoblin
2689,Hobgoblin
2690,Hobgoblin
2691,Demihuman?
2692,Kobold (Without Helmet)
2693,Nu Mou
2694,Friendly Tempest Demihumans
2695,Friendly Tempest Demihumans
2696,Floating Swords (Innocence)
2698,Dark orb
2699,Edens Orb
2701,Eden
2702,Fist in Titana
2703,Golden Nimbus
2704,Ehll Tou
2705,Glowy Orb
2707,Greatwoods Golem
2708,Edens Titan Rocks
2709,Edens Voidwalkers Adds
2710,Storge - Malikahs Well 3rd boss
2711,Feo Ul King Titania
2712,Strix
2713,Amaurotine
2714,Generic Person
2715,Generic Person
2716,Red Amaro
2717,Spriggan Stonecarrier
2718,Philia - Holminster Switch
2719,Dummy
2720,Generic Person
2721,Chain/Stun/Whatever
2722,Golden Fuath (??)
2723,Golem boss that does water stuff
2724,Tyger (S-Rank Hunt)
2726,Giraffe?
2727,Construct 14
2728,Forgiven Reticence
2729,Talos
2730,Generic Person
2731,Generic Person
2732,Amber Iguana
2733,Battle Tiger
2734,Froggo
2735,Therion
2736,Therion - Flying
2737,Sin Eater
2738,Cracked Ronkan Vessel
2739,Sin Eater cocoon
2740,Dark Orb
2741,Piglet
2742,Pixie Minion ??
2743,Engels
2744,Quetzalcoatl - Akadaemia
2745,Pegasus
2746,Dark Pegasus
2747,Fenrir
2748,Zu lookalike monster (Name needed)
2749,Forgiven Gossip
2750,Dark Wizard!? Forgot what name this guy is?
2752,Morbol (Mount)
2753,Edens Titan
2754,Eden Prime
2755,Meerkat
2756,Minion with a Knife
2757,Sin eater lion
2758,Skyslipper
2759,Circus Ahriman
2760,Portly Porxie
2761,Epimetheus
2762,Menoetius
2763,Add in Twinning?
2764,Formidable
2765,Shadow of the Ancients
2766,Pixies - Demihumans
2767,Box
2768,Smaller Box
2769,Glider (Green)
2770,Glider (Blue)
2771,Construct VII
2772,Shadow Gwiber
2773,White Horse
2774,Brute Justice
2775,Little Fish
2776,Maliktender (A Rank)
2777,Debitage
2778,Cliffmole
2779,Consort of Sin: Forgiven Obscenity
2780,Dagon
2781,Last boss in Mt.Gulag
2782,Prime (TEA version)
2783,Perfect  (Golden)
2784,Perfect Alexander (Coloured)
2785,Seeker of Solitude (Cosmos 1st Boss)
2786,Hobbes (Copied Factory 2nd Boss)
2787,Hobbes Armature
2788,Hobbes Armature 2
2789,Lugus (Cosmos Final Boss)
2790,an Sith Seed
2791,Serial-jointed Command Model (Copied Factory 1st Boss)
2792,9S-operated Walking Fortress (Copied Factory Final Boss)
2793,Lord Tolthewil (Cosmos Mini-Boss)
2794,Hades Extreme (???)
2795,9S in Flier
2796,2P in Flier
2797,"Garuda, Heritor of the Vortex"
2798,Albino Karakul
2799,Kingly Peacock
2800,Little an
2801,Dress-Up Estinien
2802,Wind-Up Hobgoblin
2803,Cerberpup
2804,Destrudo (Pixie Quest Boss)
2805,PROBABLY Engels (absolutely massive)
2806,Arch Ultima
2807,Spartoi
2808,Golden Heart
2809,Nier Orbs
2810,2P
2811,Red orb (???)
2812,Blue square (???)
2813,Magicked Broom sweeping
2814,Ruby Weapon
2816,Sppoky demon Bird
2817,Leannan Sith (Cosmos 2nd Boss)
2818,Pod 054
2819,Pod 316
2820,9S
2821,Goliath Tank ?? (Nier Raid)
2822,Nier Add
2823,Nier Add 2
2824,Nier Add 3
2825,Nier Add 4
2826,Nier Add 5
2827,Nier Add 6
2828,Nier Goliath Tank
2829,Nier Reverse-Jointed Goliath
2830,Zombie Behemoth
2831,Sand Mandagora ??
2832,Thordan - New Model Variant
2838,Ufiti
2839,Pod (Nier Raid)
2840,Crystal Scorpion?
2841,Arch Ultima no pilot
2842,Nier Flier no pilot
2843,Nier Walking Fortress no pilot
2845,Nier Missiles
2846,Marx Support
2848,Generic Person
2849,Generic Person
2850,Bacon Bits
2851,Ezel II
2852,Serial-jointed Command Model (Copied Factory 1st Boss)
2853,Gaia
2854,Eden 7 Birds
2855,Sungold Talos
2856,T-Rex
2857,Little Leafman
2858,Silver Dasher
2860,Kingly Peacock (Blue Variant)
2861,Great Vessel of Ronka
2862,Pterodactyl
2863,Ruby Gwiber
2864,Kyklops (Anamensis 2nd Boss)
2865,Kukshs Dheem (Anamensis Final Boss)
2866,"Ramuh, Heritor of Levin"
2867,Mochi Minotaur
2868,Generic Person
2869,Insatiable Flame: Lugus
2870,Small Stubby (Nier)
2872,Ruby Weapon Add (???)
2873,Unknown (Anamnesis 1st Boss)
2874,Eden Ramuh Horse Add
2875,Eden Ramuh Black
2876,Bozja Walking Cannon
2877,Flying Hairy Eyeball
2878,Kukshs Dheem Add
2879,Ruby Weapon - Nael van Darnus phase
2880,Eden Idol of Darkness
2881,Sapphire Weapon Gundam
2882,White Crystal
2883,Eden Ifrit
2884,Trench Amemone
2885,Lo ousia
2886,Glowing Evil Bird
2887,Nael Heads(Red)
2888,Nael Heads(Blue)
2889,Eden Raktapaksa
2890,Eden Raktapaksa
2891,Behatted Serpent of Ronka
2892,Paissa Patissier
2893,Paissa Threadpuller
2894,Ancient One
2895,The Major-General
2896,Wind-Up Dulia-Chai
2897,Amaro
2898,Laladile
2899,Unlucky Rabbit
2900,Hybodus
2901,Ramuh (Mount)
2902,Eden Verse Shiva
2903,Eden Verse Shiva (Hydaelyn Form)
2904,Elidibus (Warrior of Light)
2905,Eden Verse Idol of Darkness
2906,Eden Bird Adds
2908,Eden Verse Idol of Darkness
2909,Zenos
2910,Eden Verse Shiva (Hraesvelgr Form)
2911,Ruby Weapon Orbs
2912,Eden Verse Idol of Darkness Birds
2913,Rubellite Carbuncle
2914,Varis yae Galvus w/ shield
2915,Huaca
2916,"centaur mob, for lack of better name(Name needed)"
2917,BLU Blue X
2918,BLU Red X
2919,BLU Green X
2920,Garudas Feathers
2921,Aqua Orb
2922,Lightning Spark
2924,Earthen Golem
2925,Brionac (Castrum Lacus Litore)
2926,Gabriel
2927,Vigilia
2928,Dinsleif
2929,4th Legion Helldiver
2930,Adrammalech
2931,Stack of blue cubes
2932,Void Octopus thing
2933,Pod (Nier raid)
2935,Ruby Weapon (Nael van Darnus only)
2936,Ruby Weapon (Shell)
2937,Ramuhs Beard
2938,Animated Artisan
2939,Black Parasol
2940,Blue Parasol
2941,Venat
2942,Ifirit Orb
2943,Orb
2944,Eden Shiva (Hydaelyn Form)
2945,Dawon
2947,Eden Idol of Darkness Birds
2948,Generic Person - Holding Baby
2949,Chocobo Carriage
2950,Rolling Tankard
2951,Gabriel 
2952,Megalotragus
2953,Gaia
2954,Eden Idol of Darkness Birds
2955,Eden Idol of Darkness Birds
2957,813P-operated Aegis Unit
2958,724P-operated Superior Flight Unit
2959,905P-operated Heavy Artillery Unit
2961,Cladoselache 
2962,Light Artillery Unit
2963,The Queen (Gods Save the Queen)
2964,Compound 2P
2965,white pod (minion/npc/flying model?)
2966,"Emerald Weapon (with Manipulators, Green)"
2967,Edens Promise (Full size)
2968,Spectral Berserker
2970,4C6F6E67696E67: The Compound
2971,Elddragon (Red Bahamut)
2972,Broken Pod
2973,Zul
2974,Jibanyan Couch
2975,Ehll Tou
2976,Gwiber of Light
2977,Lalinator 5.H0
2978,Wind-Up Mystel
2979,Wind-Up Ardbert
2980,Magitek Helldiver F1
2981,Weatherproof Gaelicat
2982,Ephemeral Necromancer
2983,Allagan Melon
2984,Sand Fox
2985,Petit Pteranodon
2986,Dinsleif F1
2987,Lord Enma
2988,Lord Ananta
2989,Zazel
2990,Demona
2991,2B Automaton
2992,2P Automaton
2993,Generic person
2996,Spectral Necromancer
2997,Water Orb
2998,Fire Orb
2999,Ball of feathers
3000,Young Ehll Tou (Crafter Gear)
3002,"Investigate (player model, alternate animations)"
3003,Floor Mine
3004,Red Orb of ouch
3005,Magitek Hyperconveyor
3006,Incitatus
3007,Red Parasol
3008,Purple Parasol
3009,Yellow Parasol
3010,Blue Checkered Parasol
3011,Red Checkered Parasol
3012,Black and White Checkered Parasol
3014,Pile of Androids
3015,Android
3016,Investigate (Player model t-pose)
3017,Patriot
3018,Flight Unit with Android
3019,Construct X (used various places)
3020,Compound 2P (Black)
3021,Fatebreaker
3022,Cloud of Darkness (Eden)
3023,Shadowkeeper
3024,Gukumatz (Fatebreaker)
3025,Cerberus (Delibrum Reginae)
3026,Monoceros (Bozja)
3027,Trinity Avowed
3028,Ironfrog Mover
3029,Sapphire Weapon
3030,Shiny Orb
3031,Sultana Portrait
3032,Much-coveted Mora
3033,Syldrion-class Insubmersible
3034,Wind-up Gaia
3035,Wind-up Palom
3036,Wind-up Porom
3037,Wind-up Edge
3038,Wind-up Rydia
3039,Wind-up Rosa
3040,Save the Princess
3041,Leshy
3042,Angel Wings
3043,Snowman (Mount)
3044,Lunar Whale (Mount)
3045,Eden (Mount)
3046,Cerberus (Mount)
3047,Big Shell
3048,Shadowkeeper (Standing)
3049,Emerald Weapon (Right Manipulator)
3050,Emerald Weapon (Left Manipulator)
3051,TrinitySeeker
3052,TrinitySeeker (Swords)
3053,TrinitySeeker (Katanas)
3054,Mother Porxie
3055,Queens Warrior
3056,Diamond Weapon
3057,Oracle of Darkness
3058,"Gogo, Master of Mimicry"
3059,Beastly Sculpture
3060,Chiseled Sculpture
3061,"Emerald Weapon (with Manipulators, gold)"
3062,Magitek Mine (Emerald Weapon)
3063,Lunar Bahamut
3064,(Matoyas Relict)
3065,(Matoyas Relict)
3066,Exoray
3067,Sonny of Ziggy
3068,Cave Gelatin
3069,Molten Phoebad 
3070,Emerald Weapon add (gold)
3071,Green Golem
3072,Gold Minotaur
3073,Grey Minotaur
3074,Mud Ball (Matoyas Relict)
3075,Mudman (Matoyas Relict)
3076,Hot & Cold Fire 1 Arrow
3077,Hot & Cold Fire 2 Arrow
3078,Hot & Cold Blizzard 1 Arrow
3079,Hot & Cold Blizzard 2 Arrow
3080,Diamond Weapon (Armourless)
3081,Amhuluk
3082,Lunar Bahamut Nail
3083,Lunar Ravana
3084,Drone?
3085,Queens Soldier
3086,Moogle
3087,"Cloud of Darknes (Eden, Clone)"
3088,Queens Knight
3089,Hot & Cold Fire 2
3090,Hot & Cold Blizzard 2
3091,Aetherial Ward (Delibrum Reginae)
3092,Coat of Arms (Blue)
3093,Coat of Arms (Yellow)
3094,Shadowkeeper Shadow
3095,Thunder Ring (Turn of the Heavens)
3096,Thunder Ring (Turn of the Heavens)
3097,Fire Mirror (Sundered Sky)
3098,Thunder Mirror (Sundered Sky)
3099,Arion
3100,Emerald Gwiber
3101,Prototype Roader
3102,Chocorpokkur
3103,Gabriel Mark III
3104,Antelope Doe
3105,Antelope Stag
3106,Drippy
3107,Trike
3108,Gull
3109,Anteater
3110,Dolphin Calf
3111,Magitek Predator F1
3112,"Emerald Weapon (with Manipulators, green, open)"
3113,"Emerald Weapon (Right Manipulator, gold, sword)"
3114,"Emerald Weapon (Right Manipulator, gold, sword)"
3115,Landerwaffe
3116,Emerald Weapon Right Claw
3117,Emerald Weapon Left Claw
3118,Shadowkeeper (shadow clone)
3119,Shadowkeeper (standing shadow clone)
3120,Eikon Anima
3121,Her Inflorescence
3122,Ifrit [SMN]
3123,Garuda [SMN]
3124,Titan [SMN]
3125,Lunar Ifrit
3126,Umbral Orb (Trio)
3127,False Idol
3128,4th-Make Shemhazai
3129,4th-Make Cuchulainn
3130,Gretel
3131,Hansel
3132,Knave of Hearts
3133,Blackburn
3134,Diablo Armament
3135,Ea (White)
3136,Ra-La
3137,Svarbhanu
3138,4th Legion Cavalry
3139,Zenos (Reaper Outfit)
3142,Ktiseos Ophion
3143,Flameborne Zirnitra
3144,Saunion
3145,Chi
3148,Merlwyb
3150,Edens Promise
3149,Umbral Orb (Solo)
3151,Edens Promise
3152,Senorita Sabotender
3153,Benben Stone
3154,Wanderers Campfire
3155,Smaller Stubby
3156,Golden Beaver
3157,Ascian Prime (Mitron/Loghrif)
3158,Sephirot-Egi (no leaves)
3159,"Emerald Weapon (green, closed)"
3160,Lunar Odin
3161,4th Legion Satellite
3162,Pisaca
3163,Zodiark ( 2nd Phase)
3164,Hydaelyn
3165,Terminus Snatcher
3166,Pleasant Dot Parasol
3167,Prim Dot Parasol
3168,Pastoral Dot Parasol
3169,Gold Parasaucer
3170,Conflagration Strike
3171,Al-iklil
3172,Cruise Chaser (Mount)
3174,Edens Promise
3175,Construct VI-S Core
3176,Red Frog (Matoyas Relict)
3177,Queens Gunner Turret (Rook)
3178,Queens Gunner Turret (Bishop)
3179,Red Girl
3180,Red Girl (Giant)
3181,Xun-Zi / Meng-Zi
3182,Ladon Lord
3183,Ophioneus (S rank)
3184,Alkonost
3185,4th Legion Death Machine
3186,White Pylon
3187,Black Pylon
3188,Red Sphere
3189,White Hacking Droid
3190,Black Hacking Droid
3191,Endsinger
3192,Magitek Core (Paglthan)
3193,Barnabas
3194,Hermes (boss form)
3195,Glowing Shard
3196,Terminus Wrecker
3197,Alkonost Shadow
3198,Rhitahtyn the Unshakable (No glowing shields)
3199,Warmonger
3200,Reaper Zenos (aggro)
3201,Clibanarius
3202,Zenoss Reaper Voidsent
3203,Tiamat + Estinien
3204,Spheroid (The Tower at Paradigms Breach)
3205,Trinity Seeker Clone
3206,4th-Make Hashmal
3207,4th-Make Belias
3208,Lugae
3209,Amon the Undying
3210,Vrtra
3211,Vrtra [injured]
3212,Rathalos Tail
3213,Rathalos [flying]
3214,Wind-up Lyna
3215,Wind-up Runar
3216,Wind-Up Gunnhildr
3217,9S Automaton
3218,Wind-up Rudy
3219,Squirrel Emperor
3220,Flag
3221,Wee Ea
3222,Wind-Up Magus Sisters
3223,Optimus Omicron
3224,Wind-Up Anima
3225,Starbird (wrong textures?)
3226,Nagxian Cat
3227,Brave New Urianger
3228,WInd-Up Vrtra
3235,Diamond Gwiber
3236,Polar Bear
3237,Gilded Mikoshi
3238,Resplendent Vessel Of Ronka
3239,Magicked Card
3240,Lynx of Eternal Darkness
3241,Argos
3242,Directional Orb (The Tower at Paradigms Breach)
3243,White Lance (Red Girl)
3244,Black Lance (Red Girl)
3245,Latitudinal Marker (The Tower at Paradigms Breach)
3246,Longitudinal Marker (The Tower at Paradigms Breach)
3247,Ice Sprite (Zadnor)
3248,Energy Orb (The Tower at Paradigms Breach)
3249,4th Legion Infantry
3250,Lunatender
3251,Lyssa
3252,Anima
3253,Livia the Undeterred
3254,Arch-Lambda
3255,Daphinia
3256,Floating Right Hand (Diamond Weapon)
3257,Floating Left Hand (Diamond Weapon)
3258,Caribou
3259,Supporter
3260,Rathalos [Tail cut]
3261,Gelatinous Status
3262,Diamond Weapon
3263,Loporrit
3266,Hanbi
3267,Rathalos Tail
3270,Erichthonios
3271,Phoinix
3272,Hesperos
3273,Hippokampos
3274,Hypertuned Dabog
3275,Dawon the Younger
3276,Livias Bullets
3277,Blue Face (Smileton)
3278,Peacekeeper
3279,Vajrarangula
3280,Dreadnought
3281,Phoinix mount
3282,Calydontis
3283,Victor
3284,Level Checker
3285,Paissa mount
3286,Fat Cat Parasol
3287,Great Paraserpent
3288,Red Moon Parasol
3292,"Electric orb (Paglthan, Amhuluk fight)"
3294,Hedetet
3295,Hatchingtide 2021 Chicken
3297,Hrodvitnir
3298,Graven Familiar
3300,Wind-up Grebuloff
3301,Daivadipa
3302,Endsingers Feather
3303,Proto-Omega
3304,Omega Frame
3310,Arch-Eta (A rank)
3312,Kakodaimon
3313,Stigma-4
3314,?
3315,Burfurlur the Canny (S rank)
3316,Dolphin Calf
3318,Hybrid Dragon
3319,?
3320,Golden Wings
3321,Face
3322,Armstrong
3323,?
3324,Endsingers Head
3325,Hesperos floor cape
3326,Gull
3330,Sartauvoir the Inferno
3331,Hesperos
3332,Airborne Freedom Fighter
3333,Landed Freedom Fighter
3334,Thinker
3335,Ruminator (S rank)
3336,Weeper
3337,Wanderer
3338,Rotting Flesh
3339,Regolith
3340,Trimmer
3341,Yggdreant
3342,Delta
3343,Ker (SS rank)
3344,UNKNOWN
3348,Hydaelyn (crystals on left)
3349,Hydaelyn (crystals centered)
3350,Hippo Calf
3351,Crabe de la Crabe
3352,Prince Lunatender
3353,Tiny Troll
3354,Caduceus
3355,Adventure Basket
3356,Golden Dhyata
3357,Greener Gleaner
3358,Wind-up Grebuloff
3359,Nosferatu
3360,Wind-up Herois
3361,Wind-up Daivadipa
3362,Zenos (Reaper Outfit)
3365,Sweeper
3370,Hamsa
3372,Blasphemy 
3373,Xenofauna
3375,Xenoflora
3376,Osculator
3377,Gurangatch (A rank)
3380,Lambda
3381,Xenoprotist
3383,Narrow-rift (S rank)
3384,Sphatika (S rank)
3385,Lunatender Queen (A rank)
3386,UNKNOWN
3388,Alphinauds Nouliths
3389,UNKNOWN
3390,Hydaelyns Chakrams
3393,Echo of Hydaelyn
3396,The Big Cheese
3397,Fledgling
3400,Roiling Darkness
3402,P4S Thorns
3403,Target Circle - Aitiascope
3404,UNKNOWN
3408,Esoteric Ray
3409,Exoterikos - Square
3410,Exoterikos - Triangle
3411,Blue flame ball - Daivadipa
3413,Shiva
3417,UNKNOWN
3418,Lynx of Divine Light
3419,Wivre
3421,Meteion Bird - Blue
3422,Meteion Bird - Dull Blue
3423,Meteion Bird - Grey
3424,Meteion Bird - Black
3425,Hippocampus
3426,Dark Angel Wings
3427,Golden Angel Wings
3428,Diabolos Wings
3429,Pixie Wings
3430,UNKNOWN
3431,False Spectacles
3432,Mousse Princess (A rank)
3433,Aegeiros (A rank)
3434,Minerva (A rank)
3435,Sugriva (A rank)
3437,Liturgy of the Bell (Bell)
3438,UNKNOWN
3441,Hulder (A rank)
3442,Hydaelyn
3444,UNKNOWN
3446,Caretaker
3447,Morbol Marquis
3450,Drifting Ea
3452,Sunbird
3455,Petalodus (A rank)
3456,Phoinix
3459,UNKNOWN
3460,Troll
3465,UNKNOWN
3468,Zenos (final enshroud form)
3475,Thavnair Striking Dummy
3477,Meteion Swarm
3479,Vrtra
3480,Vrtra (Injured)
3481,Royal Lunatender
3487,Flying Thule Dragon
3498,Zodiark
3505,Pinax (P4)
3508,Ea
3514,Endsingers Planets
3515,Endsinger (with add on torso)
3516,Endsinger (nothing on torso)
3520,Argos
3523,Meteion (Starbird)
3526,Papalymos Staff
3527,Moenbrydas Axe
3528,Haurchefants Sword/Shield
3536,Meteion bird (glowing blue)
3537,Meteion bird (glowing black)
3538,Meteion bird (black with black glow)
3539,Garlemald radio
3540,Endsingers planets
3541,Endsingers planets
3550,Zenoss reaper enshroud form (no blood on mouth)
3554,Shinryu 
